Index,Keyword,similarity
1,best vr vr,0.98
2,top best vr,0.98
3,best in vr,0.97
4,best of vr,0.97
5,vr best vr,0.97
6,what are the best vr,0.97
7,what is the best vr,0.97
8,what's the best vr,0.97
9,your best vr,0.97
10,be best vr,0.96
11,best of vr games,0.96
12,best vr available,0.96
13,best vr for games,0.96
14,best vr game,0.96
15,best vr games,0.96
16,best vr now,0.96
17,best vr out,0.96
18,best vr technology,0.96
19,best vr travel,0.96
20,best vr uk,0.96
21,to best vr,0.96
22,top best vr games,0.96
23,vr games best ones,0.96
24,best travel vr,0.95
25,best vr australia,0.95
26,best vr ever,0.95
27,best vr experiences,0.95
28,best vr for pc,0.95
29,best vr games available,0.95
30,best vr in the world,0.95
31,best vr oculus,0.95
32,best vr of the world,0.95
33,best vr on steam,0.95
34,best vr pc,0.95
35,best vr se,0.95
36,best vr tech,0.95
37,best vr things,0.95
38,best vr video games,0.95
39,is oculus the best vr,0.95
40,is vive the best vr,0.95
41,oculus vr best one,0.95
42,the best vr experience,0.95
43,the best vr games,0.95
44,top 5 best vr,0.95
45,what is the best vr available,0.95
46,what's best vr headset,0.95
47,what's the best vr game,0.95
48,5 best virtual reality,0.94
49,best 5 vr,0.94
50,best code vr,0.94
51,best ever vr games,0.94
52,best future vr,0.94
53,best games on vr,0.94
54,best life vr,0.94
55,best of vr 2019,0.94
56,best of vr videos,0.94
57,best overall vr,0.94
58,best pc vr games,0.94
59,best vr 2022,0.94
60,best vr 360,0.94
61,best vr acc,0.94
62,best vr adventure,0.94
63,best vr app,0.94
64,best vr at the moment,0.94
65,best vr brand,0.94
66,best vr build,0.94
67,best vr camera,0.94
68,best vr cinema,0.94
69,best vr companies,0.94
70,best vr currently,0.94
71,best vr device,0.94
72,best vr dubai,0.94
73,best vr enterprise,0.94
74,best vr equipment,0.94
75,best vr ever made,0.94
76,best vr experiences oculus,0.94
77,best vr flying,0.94
78,best vr for pc gaming,0.94
79,best vr for xbox,0.94
80,best vr for your money,0.94
81,best vr fps,0.94
82,best vr games ign,0.94
83,best vr games on vr,0.94
84,best vr gear,0.94
85,best vr hmd,0.94
86,best vr image,0.94
87,best vr immersion,0.94
88,best vr in 2022,0.94
89,best vr in 2023,0.94
90,best vr in the market,0.94
91,best vr latest,0.94
92,best vr list,0.94
93,best vr melbourne,0.94
94,best vr near me,0.94
95,best vr news,0.94
96,best vr on pc,0.94
97,best vr on the market,0.94
98,best vr on the market 2022,0.94
99,best vr on youtube,0.94
100,best vr out now,0.94
101,best vr pc games,0.94
102,best vr performance,0.94
103,best vr places,0.94
104,best vr platform,0.94
105,best vr player,0.94
106,best vr products,0.94
107,best vr projects,0.94
108,best vr ps4,0.94
109,best vr quality,0.94
110,best vr racing,0.94
111,best vr rides,0.94
112,best vr right now,0.94
113,best vr right now reddit,0.94
114,best vr roller coaster,0.94
115,best vr room,0.94
116,best vr shows,0.94
117,best vr software,0.94
118,best vr system,0.94
119,best vr titles,0.94
120,best vr to buy,0.94
121,best vr top 5,0.94
122,best vr video,0.94
123,best vr you can buy,0.94
124,be your best vr,0.94
125,the best vr in the world,0.94
126,top best vr headset,0.94
127,what is the best game on vr,0.94
128,what is the best vr company,0.94
129,what is the best vr headset,0.94
130,what vr has the best graphics,0.94
131,5 best vr games,0.93
132,best futuristic vr,0.93
133,best jump vr,0.93
134,best live virtual reality,0.93
135,best minecraft vr,0.93
136,best of vr 2021,0.93
137,best virtual reality available now,0.93
138,best virtual reality avatar,0.93
139,best virtual reality immersion,0.93
140,best virtual reality near me,0.93
141,best virtual reality rides,0.93
142,best virtual reality theme park,0.93
143,best virtual reality vancouver,0.93
144,best virtual reality you can buy,0.93
145,best vr 2023,0.93
146,best vr 500,0.93
147,best vr activities,0.93
148,best vr android,0.93
149,best vr apps,0.93
150,best vr arcade,0.93
151,best vr art,0.93
152,best vr at home,0.93
153,best vr auckland,0.93
154,best vr box,0.93
155,best vr budget,0.93
156,best vr cam,0.93
157,best vrchat,0.93
158,best vr cloud gaming,0.93
159,best vr console,0.93
160,best vr daydream,0.93
161,best vr devices 2023,0.93
162,best vr engine,0.93
163,best vr environments,0.93
164,best vr equipment 2023,0.93
165,best vr experiences 2023,0.93
166,best vr experiences reddit,0.93
167,best vr experience uk,0.93
168,best vr fitness,0.93
169,best vr flight,0.93
170,best vr for steam,0.93
171,best vr for steam vr,0.93
172,best vr for vrchat,0.93
173,best vr fov,0.93
174,best vr franchise,0.93
175,best vr games all time,0.93
176,best vr games as of 2022,0.93
177,best vr games reddit,0.93
178,best vr games right now,0.93
179,best vr games steam vr,0.93
180,best vr graphics,0.93
181,best vr hardware,0.93
182,best vr headset,0.93
183,best vr hmd 2022,0.93
184,best vr horror,0.93
185,best vr ideas,0.93
186,best vr immersive experiences,0.93
187,best vr in india,0.93
188,best vr kit,0.93
189,best vr lab,0.93
190,best vr land,0.93
191,best vr las vegas,0.93
192,best vr learning,0.93
193,best vr locations,0.93
194,best vr london,0.93
195,best vr machine,0.93
196,best vr masters,0.93
197,best vr minecraft,0.93
198,best vr mod,0.93
199,best vr money can buy,0.93
200,best vr no pc,0.93
201,best vr not facebook,0.93
202,best vr nyc,0.93
203,best vr oculus game,0.93
204,best vr of 2022,0.93
205,best vr on a budget,0.93
206,best vr on amazon,0.93
207,best vr on iphone,0.93
208,best vr online games,0.93
209,best vr on the market 2023,0.93
210,best vr on the market reddit,0.93
211,best vr options,0.93
212,best vr package,0.93
213,best vr park,0.93
214,best vr pc build,0.93
215,best vr pfp,0.93
216,best vr ph,0.93
217,best vr platform 2023,0.93
218,best vr price,0.93
219,best vr programs,0.93
220,best vr pvp,0.93
221,best vr quest,0.93
222,best vr reddit,0.93
223,best vr resolution,0.93
224,best vr rig,0.93
225,best vr rpg,0.93
226,best vr scenery,0.93
227,best vr sdk,0.93
228,best vr set,0.93
229,best vr set up,0.93
230,best vr sim games,0.93
231,best vr simulators,0.93
232,best vr so far,0.93
233,best vr steam,0.93
234,best vr sydney,0.93
235,best vr system 2023,0.93
236,best vr system for pc,0.93
237,best vr system reddit,0.93
238,best vr theater,0.93
239,best vr titles on steam,0.93
240,best vr titles pc,0.93
241,best vr to date,0.93
242,best vr tours,0.93
243,best vr tv,0.93
244,best vr unit,0.93
245,best vr uses,0.93
246,best vr vancouver,0.93
247,best vr vegas,0.93
248,best vr videos,0.93
249,best vr virtual desktop,0.93
250,best vr vs pc games,0.93
251,best vr walking,0.93
252,best vr with pc,0.93
253,best vr worlds,0.93
254,best vr xbox,0.93
255,best youtube virtual reality,0.93
256,best youtube vr,0.93
257,how to get the best vr experience,0.93
258,pc best vr games,0.93
259,pc best vr headset,0.93
260,the best vr game ever,0.93
261,the best vr games 2022,0.93
262,the best vr gaming system,0.93
263,the best vr headset,0.93
264,the best vr headset 2022,0.93
265,top 10 best vr games,0.93
266,top 3 best vr games,0.93
267,top 5 best vr games,0.93
268,virtual reality best places,0.93
269,what is the best vr game of all time,0.93
270,what is the best vr headset available,0.93
271,what is the best vr system on the market,0.93
272,which vr headset has best graphics,0.93
273,which vr is better,0.93
274,world's best vr game,0.93
275,your best vr experience reddit,0.93
276,10 best vr games,0.92
277,10 best vr headsets,0.92
278,5 best vr experiences,0.92
279,5 best vr headsets,0.92
280,7 best vr headsets,0.92
281,absolute best vr headset,0.92
282,best cinematic vr experience,0.92
283,best fun vr games,0.92
284,best high vr games,0.92
285,best iphone virtual reality,0.92
286,best las vegas vr,0.92
287,best microsoft vr games,0.92
288,best multiplayer vr games,0.92
289,best new vr experiences,0.92
290,best nintendo vr games,0.92
291,best oculus vr sdk,0.92
292,best overall vr headset,0.92
293,best pc only vr games,0.92
294,best pc vr games 2022,0.92
295,best pc vr games reddit,0.92
296,best pc vr setup,0.92
297,best personal vr system,0.92
298,best quality vr games,0.92
299,best uk vr experience,0.92
300,best valve vr games,0.92
301,best virtual reality graphics,0.92
302,best virtual reality new york,0.92
303,best virtual reality vegas,0.92
304,best vr 1 games,0.92
305,best vr 2022 uk,0.92
306,best vr 2023 pc,0.92
307,best vr 2 games,0.92
308,best vr accessories,0.92
309,best vr adelaide,0.92
310,best vr all in one,0.92
311,best vr anime,0.92
312,best vr apps 2023,0.92
313,best vr bike,0.92
314,best vr black friday,0.92
315,best vrbo,0.92
316,best vr bowling,0.92
317,best vr bundle,0.92
318,best vr camera 2022,0.92
319,best vr campaigns,0.92
320,best vr card,0.92
321,best vr chair,0.92
322,best vr chicago,0.92
323,best vr computer,0.92
324,best vr console 2023,0.92
325,best vr cycling,0.92
326,best vr dallas,0.92
327,best vr deals,0.92
328,best vr demos,0.92
329,best vr desktop,0.92
330,best vr display,0.92
331,best vr documentaries,0.92
332,best vr downloads,0.92
333,best vr drone,0.92
334,best vr education,0.92
335,best vr elite dangerous,0.92
336,best vr emulator,0.92
337,best vr equipment for pc,0.92
338,best vr examples,0.92
339,best vr experiences near me,0.92
340,best vr eye tracking,0.92
341,best vr fbt,0.92
342,best vr for blender,0.92
343,best vr for high end pc,0.92
344,best vr for iphone,0.92
345,best vr for kids,0.92
346,best vr for nms,0.92
347,best vr for tv,0.92
348,best vr for xbox 1,0.92
349,best vr for xbox one,0.92
350,best vr fps 2023,0.92
351,best vr fps game,0.92
352,best vr fps games pc,0.92
353,best vr free games,0.92
354,best vr future games,0.92
355,best vr game ever made,0.92
356,best vr game ever reddit,0.92
357,best vr game of the year,0.92
358,best vr games 2023,0.92
359,best vr games alyx,0.92
360,best vr games free,0.92
361,best vr games htc vive,0.92
362,best vr games htc vive pro,0.92
363,best vr games of all time reddit,0.92
364,best vr games on steam,0.92
365,best vr games smartphone,0.92
366,best vr gaming center,0.92
367,best vr gear 2023,0.92
368,best vr gear for pc,0.92
369,best vr gifts,0.92
370,best vr glasses,0.92
371,best vr golf,0.92
372,best vr gpu,0.92
373,best vr graphics 2022,0.92
374,best vr hardware 2023,0.92
375,best vr headset 2022 uk,0.92
376,best vr headset 2023,0.92
377,best vr headset australia reddit,0.92
378,best vr headset high end,0.92
379,best vr headset now,0.92
380,best vr headset reddit,0.92
381,best vr headset uk,0.92
382,best vr headset usa,0.92
383,best vr hong kong,0.92
384,best vr immersive games,0.92
385,best vr in hk,0.92
386,best vr in las vegas,0.92
387,best vr in london,0.92
388,best vr in new york,0.92
389,best vr iphone,0.92
390,best vr iracing,0.92
391,best vr japan,0.92
392,best vr kart racing,0.92
393,best vr kit 2022,0.92
394,best vr kit 2023,0.92
395,best vr laptop,0.92
396,best vr library,0.92
397,best vr locomotion,0.92
398,best vr los angeles,0.92
399,best vr manchester,0.92
400,best vr milsim,0.92
401,best vr mmorpg,0.92
402,best vr mods,0.92
403,best vr moments,0.92
404,best vr movies,0.92
405,best vr msfs,0.92
406,best vr multiplayer games,0.92
407,best vr names,0.92
408,best vr netflix,0.92
409,best vr new york,0.92
410,best vr nintendo switch,0.92
411,best vr non games,0.92
412,best vr oculus quest 2,0.92
413,best vr of 2023,0.92
414,best vr only games,0.92
415,best vr on ps5,0.92
416,best vr operating system,0.92
417,best vr optics,0.92
418,best vr options 2023,0.92
419,best vr out right now,0.92
420,best vr pc games 2022,0.92
421,best vr pc headset,0.92
422,best vr pc reddit,0.92
423,best vr pc setup,0.92
424,best vr perth,0.92
425,best vr player for pc,0.92
426,best vr player reddit,0.92
427,best vr playstation games,0.92
428,best vr podcasts,0.92
429,best vr ports,0.92
430,best vr ps4 games,0.92
431,best vr ps5,0.92
432,best vr purchase,0.92
433,best vr purchase reddit,0.92
434,best vr quality video,0.92
435,best vr rift games,0.92
436,best vr samples,0.92
437,best vr scenes,0.92
438,best vr screen,0.92
439,best vr sculpting,0.92
440,best vr set up 2022,0.92
441,best vr shooter,0.92
442,best vr shooters,0.92
443,best vr sim racing,0.92
444,best vr simulation games,0.92
445,best vr simulation games reddit,0.92
446,best vr singapore,0.92
447,best vr skins,0.92
448,best vr smartphone,0.92
449,best vr software for pc,0.92
450,best vr space experience,0.92
451,best vr steam games,0.92
452,best vr stocks,0.92
453,best vr system 2023 reddit,0.92
454,best vr system on the market,0.92
455,best vr tennis,0.92
456,best vr things to do,0.92
457,best vr things to watch,0.92
458,best vr titles reddit,0.92
459,best vr to buy 2023,0.92
460,best vr to get 2023,0.92
461,best vr tools,0.92
462,best vr tracking,0.92
463,best vr travel experiences,0.92
464,best vr tv shows,0.92
465,best vr ui,0.92
466,best vr under 100,0.92
467,best vr vacations,0.92
468,best vr videos reddit,0.92
469,best vr web experiences,0.92
470,best vr website games,0.92
471,best vr when high,0.92
472,best vr with controller,0.92
473,best vr worlds in vrchat,0.92
474,best vr xbox games,0.92
475,best vr yoga,0.92
476,best vr youtubers,0.92
477,best vr youtube videos,0.92
478,best vr zombie,0.92
479,be your best vr review,0.92
480,hd best vr video,0.92
481,highest quality vr games,0.92
482,most beautiful vr experience,0.92
483,new best vr games,0.92
484,new best vr headset,0.92
485,playstation 4 best vr games,0.92
486,ps best vr games,0.92
487,the best vr games 2023,0.92
488,the best vr games for ps4,0.92
489,the best vr headset 2023,0.92
490,the best vr headset for pc,0.92
491,the best vr headset in the world,0.92
492,top 3 best vr headset,0.92
493,top 3 vr,0.92
494,top 5 best vr headsets 2022,0.92
495,top best free vr games,0.92
496,very best vr headset,0.92
497,vrchat best vr headset,0.92
498,what are the best oculus vr games,0.92
499,what are the top 10 best vr games,0.92
500,what is the best oculus vr to buy,0.92
501,what is the best rated vr game,0.92
502,what is the best vr shooter,0.92
503,what is the most realistic vr,0.92
504,what's the best vr headset on the market,0.92
505,which is the best vr headset to buy,0.92
506,which vr headset is the best for pc,0.92
507,who is the best vr master,0.92
508,youtube best vr games,0.92
509,youtube best vr videos,0.92
510,acc best vr settings,0.91
511,best 3d vr camera,0.91
512,best aaa vr games pc,0.91
513,best active vr games,0.91
514,best active vr games reddit,0.91
515,best aio vr,0.91
516,best ar vr games,0.91
517,best ar vr headset,0.91
518,best box vr game,0.91
519,best buy vr,0.91
520,best buy vr games,0.91
521,best co op vr games oculus,0.91
522,best current vr games,0.91
523,best current vr headset reddit,0.91
524,best cyberpunk vr mod,0.91
525,best dinosaur vr,0.91
526,best educational vr oculus,0.91
527,best egypt vr,0.91
528,best entry vr headset,0.91
529,best free vr games,0.91
530,best hd vr headset,0.91
531,best immersive vr videos,0.91
532,best ios vr game,0.91
533,best lightweight vr,0.91
534,best looking vr games reddit,0.91
535,best minecraft vr games,0.91
536,best movies about vr,0.91
537,best new vr games,0.91
538,best new vr games oculus,0.91
539,best new vr games reddit,0.91
540,best new vr headset,0.91
541,best pc vr headset reddit,0.91
542,best performance vr headset,0.91
543,best ps vr2,0.91
544,best psvr games,0.91
545,best psvr games reddit,0.91
546,best quality vr headset,0.91
547,best quality vr videos,0.91
548,best samsung vr games,0.91
549,best skyrim vr wabbajack,0.91
550,best travel vr games,0.91
551,best uk vr headset,0.91
552,best used vr headset,0.91
553,best virtual reality bike,0.91
554,best virtual reality cycling,0.91
555,best virtual reality headsets available now,0.91
556,best virtual reality home equipment,0.91
557,best virtual reality perth,0.91
558,best virtual reality web browser,0.91
559,best vorpx vr games,0.91
560,best vr 1st person shooter,0.91
561,best vr 2023 games,0.91
562,best vr 2023 reddit,0.91
563,best vr 360 camera,0.91
564,best vr 360 videos,0.91
565,best vr 3d camera,0.91
566,best vr 3d videos,0.91
567,best vr aaa games,0.91
568,best vr action games,0.91
569,best vr addons,0.91
570,best vr adventure games,0.91
571,best vr amsterdam,0.91
572,best vr android games,0.91
573,best vr animation oculus quest 2,0.91
574,best vr anime games,0.91
575,best vr anime shows,0.91
576,best vr apps oculus,0.91
577,best vr arcade games,0.91
578,best vr arcade near me,0.91
579,best vr ar headset,0.91
580,best vr avatar creator,0.91
581,best vr avatar worlds,0.91
582,best vr backrooms game,0.91
583,best vr baseball,0.91
584,best vr battle royale,0.91
585,best vr birmingham,0.91
586,best vr boxing,0.91
587,best vr browser,0.91
588,best vr building games,0.91
589,best vr cable,0.91
590,best vr cardboard games,0.91
591,best vr cardio,0.91
592,best vr car games,0.91
593,best vr centers,0.91
594,best vr city tours,0.91
595,best vr controllers,0.91
596,best vr co op games,0.91
597,best vr coop games,0.91
598,best vr cpu,0.91
599,best vr dating,0.91
600,best vr dcs,0.91
601,best vr desktop app,0.91
602,best vr driving game pc,0.91
603,best vr drone simulator,0.91
604,best vr etf,0.91
605,best vr experience in dubai,0.91
606,best vr fantasy games,0.91
607,best vr first person shooter,0.91
608,best vr flight simulator,0.91
609,best vr flight simulator pc,0.91
610,best vr flying games reddit,0.91
611,best vr for beat saber,0.91
612,best vr for cell,0.91
613,best vr for elderly,0.91
614,best vr for flight simulator,0.91
615,best vr for fs2020,0.91
616,best vr for iracing,0.91
617,best vr for iracing 2022,0.91
618,best vr for msfs 2020 reddit,0.91
619,best vr for nintendo switch,0.91
620,best vr for older adults,0.91
621,best vr for ps5,0.91
622,best vr for senior citizens,0.91
623,best vr for sim racing,0.91
624,best vr for star citizen,0.91
625,best vr for vtol vr,0.91
626,best vr for xbox series x,0.91
627,best vr fps games 2023,0.91
628,best vr fps games reddit,0.91
629,best vr fps multiplayer,0.91
630,best vr fps reddit,0.91
631,best vr fps shooter,0.91
632,best vr free games oculus,0.91
633,best vr game awards,0.91
634,best vr game ideas,0.91
635,best vr game of the year 2022,0.91
636,best vr games for new players,0.91
637,best vr games in dubai,0.91
638,best vr games oculus quest 2,0.91
639,best vr games on roblox,0.91
640,best vr glasses 2023,0.91
641,best vr goggles,0.91
642,best vr goggles 2023,0.91
643,best vr gpu 2022,0.91
644,best vr gpus,0.91
645,best vr graphics headset,0.91
646,best vr gunplay,0.91
647,best vr guns,0.91
648,best vr haptics,0.91
649,best vr headset 2022 xbox,0.91
650,best vr headset 2023 uk,0.91
651,best vr headset alone,0.91
652,best vr headset black friday,0.91
653,best vr headset ces 2023,0.91
654,best vr headset cnet,0.91
655,best vr headset ever,0.91
656,best vr headset ever made,0.91
657,best vr headset for pc,0.91
658,best vr headset for vr videos,0.91
659,best vr headset highest resolution,0.91
660,best vr headset ireland,0.91
661,best vr headset nz,0.91
662,best vr headset rtings,0.91
663,best vr headset xbox one,0.91
664,best vr hidden gems,0.91
665,best vr home system,0.91
666,best vr horror games,0.91
667,best vr horror games reddit,0.91
668,best vr hunting game reddit,0.91
669,best vr il2,0.91
670,best vr image quality,0.91
671,best vr in chicago,0.91
672,best vr in dallas,0.91
673,best vr in seattle,0.91
674,best vr in tokyo,0.91
675,best vr in toronto,0.91
676,best vr ios apps,0.91
677,best vr ios games,0.91
678,best vr iphone games,0.91
679,best vr kit for pc,0.91
680,best vr kit reddit,0.91
681,best vr landscapes,0.91
682,best vr london reddit,0.91
683,best vr magic games,0.91
684,best vr manga,0.91
685,best vr mississauga,0.91
686,best vr mmo games,0.91
687,best vr mmo reddit,0.91
688,best vr mobile games,0.91
689,best vr mods reddit,0.91
690,best vr msfs 2020,0.91
691,best vr multiplayer games reddit,0.91
692,best vr nature experience,0.91
693,best vr news site,0.91
694,best vr novels reddit,0.91
695,best vr ocean experience,0.91
696,best vr oculus 2 games,0.91
697,best vr oculus games 2023,0.91
698,best vr park dubai,0.91
699,best vr passthrough,0.91
700,best vr pc headset 2023,0.91
701,best vr pc mods,0.91
702,best vr pc racing games,0.91
703,best vr peripherals,0.91
704,best vr phone games,0.91
705,best vr physics games,0.91
706,best vr picture quality,0.91
707,best vr pinball,0.91
708,best vr ping pong,0.91
709,best vr places near me,0.91
710,best vr player android,0.91
711,best vr playstation 4 games,0.91
712,best vr playstation 5 games,0.91
713,best vr pokemon games,0.91
714,best vr ps4 games free,0.91
715,best vr ps5 games,0.91
716,best vr public speaking,0.91
717,best vr pvp games,0.91
718,best vr quest 2,0.91
719,best vr racing game,0.91
720,best vr racing game reddit,0.91
721,best vr racing headset,0.91
722,best vr ready pc,0.91
723,best vr rifle,0.91
724,best vr rig 2023,0.91
725,best vr roblox games,0.91
726,best vr rpg 2023,0.91
727,best vr rpg games,0.91
728,best vr rpg reddit,0.91
729,best vr rts,0.91
730,best vr sandbox,0.91
731,best vr sci fi games,0.91
732,best vr screen resolution,0.91
733,best vr set 2023,0.91
734,best vr set for vrchat,0.91
735,best vr setup for pc,0.91
736,best vr setup reddit,0.91
737,best vr shooter 2023,0.91
738,best vr shooter reddit,0.91
739,best vr shooters on steam,0.91
740,best vr shooters pc,0.91
741,best vr sites for oculus,0.91
742,best vr skateboard,0.91
743,best vr space games,0.91
744,best vr space sim,0.91
745,best vr space simulator,0.91
746,best vr sports games,0.91
747,best vr stocks 2023,0.91
748,best vr suit,0.91
749,best vr sunglasses,0.91
750,best vr supported games,0.91
751,best vr switch games,0.91
752,best vr system to buy,0.91
753,best vr team games,0.91
754,best vr tech demos,0.91
755,best vr titles 2023,0.91
756,best vr to buy right now,0.91
757,best vr to use with pc,0.91
758,best vr to watch movies,0.91
759,best vr trackers,0.91
760,best vr travel experiences 2023,0.91
761,best vr under 1000,0.91
762,best vr under 10000,0.91
763,best vr under 1500,0.91
764,best vr under 200,0.91
765,best vr under 2000,0.91
766,best vr under 300,0.91
767,best vr under 3000,0.91
768,best vr under 500,0.91
769,best vr under 5000,0.91
770,best vr upcoming games,0.91
771,best vr vest,0.91
772,best vr video card,0.91
773,best vr video player,0.91
774,best vr videos download,0.91
775,best vr volleyball games,0.91
776,best vr web apps,0.91
777,best vr websites 2023,0.91
778,best vr with eye tracking,0.91
779,best vr youtube channels,0.91
780,be your best vr download,0.91
781,be your best vr reddit,0.91
782,current best vr headsets,0.91
783,kotaku best vr games,0.91
784,next best vr headset,0.91
785,oculus quest 2 best vr experiences,0.91
786,pc best vr headset 2023,0.91
787,playstation 5 best vr games,0.91
788,ranking vr games,0.91
789,strongest vr headset,0.91
790,the best vr games for free,0.91
791,the best vr games oculus quest 2,0.91
792,the best vr games on roblox,0.91
793,the best vr horror games,0.91
794,top 3 vr games,0.91
795,top 3 vr headsets,0.91
796,top 5 vr games,0.91
797,top rated vr system,0.91
798,top vr titles,0.91
799,virtual reality best blogs,0.91
800,vr experience,0.91
801,what are the best vr stocks,0.91
802,what is the best vr graphics card,0.91
803,what is the most advanced vr,0.91
804,what is the most realistic vr headset,0.91
805,xbox best vr games,0.91
806,youtube best vr headset,0.91
807,best 10$ vr games,0.9
808,best 1v1 vr games,0.9
809,best 2 player vr games,0.9
810,best 3 player vr games,0.9
811,best acc vr settings,0.9
812,best all in one vr headset,0.9
813,best all in one vr headset 2023,0.9
814,best all in one vr system,0.9
815,best amd for vr,0.9
816,best ar vr apps,0.9
817,best ar vr companies,0.9
818,best asymmetrical vr games,0.9
819,best bluetooth vr headset,0.9
820,best books about vr,0.9
821,best class zenith vr,0.9
822,best co op vr games,0.9
823,best co op vr games reddit,0.9
824,best co op vr games steam,0.9
825,best cyberpunk vr games,0.9
826,best d&d vr game,0.9
827,best dinosaur vr experience,0.9
828,best dji drone vr,0.9
829,best dolphin vr games,0.9
830,best duo vr games,0.9
831,best easy vr games,0.9
832,best ebay vr headset,0.9
833,best economic virtual reality,0.9
834,best educational vr experiences,0.9
835,best enthusiast vr headset,0.9
836,beste vr bril,0.9
837,best f1 vr game,0.9
838,best free vr games on steam,0.9
839,best free vr rpg,0.9
840,best funny vr games,0.9
841,best girl vr games,0.9
842,best historical vr games,0.9
843,best htc vr headset,0.9
844,best immersive vr headset,0.9
845,best ios vr headset,0.9
846,best ios vr player,0.9
847,best iphone vr headset reddit,0.9
848,best iphone vr player,0.9
849,best japanese vr games,0.9
850,best kid vr games oculus,0.9
851,best live vr chat,0.9
852,best looking vr games,0.9
853,best looking vr headset,0.9
854,best mac vr games,0.9
855,best new vr games on steam,0.9
856,best new vr headset 2023,0.9
857,best new vr headsets 2022,0.9
858,best no pc vr headset,0.9
859,best pc only vr headset,0.9
860,best pc vr mods,0.9
861,best pc vr racing games,0.9
862,best phone vr headset 2022,0.9
863,best portable vr headset 2022,0.9
864,best ps4 vr games 2023,0.9
865,best ps5 vr 2 games,0.9
866,best psvr2 games reddit,0.9
867,best ps vr games 2022,0.9
868,best psvr games 2023,0.9
869,best pve vr games,0.9
870,best quality vr box,0.9
871,best quality vr headset 2023,0.9
872,best resident evil vr game,0.9
873,best samsung vr headset,0.9
874,best smartphone vr headset,0.9
875,best smartphone vr headset 2022,0.9
876,best smartphone vr headset 2023,0.9
877,best smartphone vr headset reddit,0.9
878,best star wars vr games,0.9
879,best star wars vr games reddit,0.9
880,best steam vr environments,0.9
881,best upcoming vr games reddit,0.9
882,best upcoming vr headset,0.9
883,best upcoming vr headset 2022,0.9
884,best value vr headset,0.9
885,best value vr headset 2023,0.9
886,best value vr headset reddit,0.9
887,best valve vr headset,0.9
888,best virtual reality etf,0.9
889,best virtual reality headset ever,0.9
890,best virtual reality phone,0.9
891,best virtual reality phone app,0.9
892,best vr 2023 headset,0.9
893,best vr 2 player games,0.9
894,best vr 2 shooter,0.9
895,best vr 360 movies,0.9
896,best vr 360 videos free download,0.9
897,best vr 3d modeling software,0.9
898,best vr 3d movies,0.9
899,best vr adventure games 2023,0.9
900,best vr aim games,0.9
901,best vr and pc roblox games,0.9
902,best vr android apps,0.9
903,best vr apps for android,0.9
904,best vr apps for iphone,0.9
905,best vr apps quest 2,0.9
906,best vr apps reddit,0.9
907,best vr arcade shooter,0.9
908,best vr art games,0.9
909,best vr assetto corsa,0.9
910,best vr base stations,0.9
911,best vr basketball game,0.9
912,best vr basketball game reddit,0.9
913,best vr black friday deals,0.9
914,best vr board games,0.9
915,best vr body tracking,0.9
916,best vr bowling game reddit,0.9
917,best vr brille,0.9
918,best vr brille 2023,0.9
919,best vr browser games,0.9
920,best vr chat avatars,0.9
921,best vr chat games,0.9
922,best vr chat headset,0.9
923,best vr chat worlds,0.9
924,best vr clips,0.9
925,best vr clubs,0.9
926,best vr combat games,0.9
927,best vr concerts,0.9
928,best vr co op games reddit,0.9
929,best vr co op shooter,0.9
930,best vr creation software,0.9
931,best vr cross platform games,0.9
932,best vr crypto projects,0.9
933,best vr development platform,0.9
934,best vr dev kit,0.9
935,best vr dragon dragon city,0.9
936,best vr dragon in dragon city,0.9
937,best vr driving game,0.9
938,best vr driving game reddit,0.9
939,best vr drones 2023,0.9
940,best vr educational games,0.9
941,best vr educational software,0.9
942,best vr escape games,0.9
943,best vr exercise games,0.9
944,best vr exercise games 2023,0.9
945,best vr exercise games reddit,0.9
946,best vr experience amsterdam,0.9
947,best vr experiences quest 2,0.9
948,best vr exploration games,0.9
949,best vr eye tracker,0.9
950,best vr fighting games reddit,0.9
951,best vr first person shooter 2022,0.9
952,best vr fitness equipment,0.9
953,best vr flight sim reddit,0.9
954,best vr flying games,0.9
955,best vr for alyx,0.9
956,best vr for autism,0.9
957,best vr for dcs,0.9
958,best vr for dcs reddit,0.9
959,best vr for enscape,0.9
960,best vr for google earth,0.9
961,best vr for iphone 12,0.9
962,best vr for iphone 12 pro max,0.9
963,best vr for iphone 13 pro,0.9
964,best vr for iphone 14 pro max,0.9
965,best vr for iphone xr,0.9
966,best vr for iracing reddit,0.9
967,best vr for msfs 2020,0.9
968,best vr for msfs 2023,0.9
969,best vr for non gamers,0.9
970,best vr for ps5 uk,0.9
971,best vr for small room,0.9
972,best vr for star wars squadrons,0.9
973,best vr for war thunder,0.9
974,best vr for watching movies,0.9
975,best vr fps single player,0.9
976,best vr free apps,0.9
977,best vr free games reddit,0.9
978,best vr free roam games,0.9
979,best vr full body tracking,0.9
980,best vr full body tracking 2022,0.9
981,best vr full body tracking 2023,0.9
982,best vr games download for android,0.9
983,best vr games for htc vive cosmos,0.9
984,best vr games for kids,0.9
985,best vr games for xbox series x,0.9
986,best vr games on xbox game pass,0.9
987,best vr games quest 2,0.9
988,best vr games quest two,0.9
989,best vr games when high,0.9
990,best vr game with friends,0.9
991,best vr girlfriend simulator,0.9
992,best vr golf club,0.9
993,best vr golf game,0.9
994,best vr golf game reddit,0.9
995,best vr gpu reddit,0.9
996,best vr graphics card,0.9
997,best vr graphics card 2022,0.9
998,best vr group games,0.9
999,best vr gun games,0.9
1000,best vr gun simulator,0.9
1001,best vr hangout games,0.9
1002,best vr haptic suit,0.9
1003,best vr headset 2023 xbox,0.9
1004,best vr headset 2024,0.9
1005,best vr headset amazon,0.9
1006,best vr headset available in india,0.9
1007,best vr headset for blender,0.9
1008,best vr headset for sim racing,0.9
1009,best vr headset for tv,0.9
1010,best vr headset for vrchat,0.9
1011,best vr headset for vr movies,0.9
1012,best vr headset for xbox one,0.9
1013,best vr headset for your phone,0.9
1014,best vr headset full body tracking,0.9
1015,best vr headset in japan,0.9
1016,best vr headset south africa,0.9
1017,best vr hockey game,0.9
1018,best vr horror games 2023,0.9
1019,best vr horror reddit,0.9
1020,best vr hunting game,0.9
1021,best vr immersive movies,0.9
1022,best vr in dfw,0.9
1023,best vr in edmonton,0.9
1024,best vr iphone headset,0.9
1025,best vr jump scares,0.9
1026,best vr keyboard,0.9
1027,best vr kid games,0.9
1028,best vr killing games,0.9
1029,best vr land wem,0.9
1030,best vr language learning,0.9
1031,best vr laptop reddit,0.9
1032,best vr laptops 2023,0.9
1033,best vr learning games,0.9
1034,best vr lenses,0.9
1035,best vr lightsaber game,0.9
1036,best vr manhwa,0.9
1037,best vr master for attack,0.9
1038,best vr mech game,0.9
1039,best vr media player,0.9
1040,best vr melee games,0.9
1041,best vr mic,0.9
1042,best vr microphone,0.9
1043,best vr military games,0.9
1044,best vr military shooter,0.9
1045,best vr mini games,0.9
1046,best vr mini golf,0.9
1047,best vr mmorpg 2023,0.9
1048,best vr mmorpg reddit,0.9
1049,best vr movie app,0.9
1050,best vr movies download,0.9
1051,best vr multiplayer games 2023,0.9
1052,best vr multiplayer shooter,0.9
1053,best vr museum tours,0.9
1054,best vr music videos,0.9
1055,best vr nfl game,0.9
1056,best vr nintendo switch games,0.9
1057,best vr oculus multiplayer games,0.9
1058,best vr oculus quest 2 games,0.9
1059,best vr online shooter,0.9
1060,best vr open world games,0.9
1061,best vr overlay,0.9
1062,best vr party games,0.9
1063,best vr party games reddit,0.9
1064,best vr pc configuration,0.9
1065,best vr pc crossplay games,0.9
1066,best vr pc for oculus quest 2,0.9
1067,best vr pet games,0.9
1068,best vr phone apps,0.9
1069,best vr phone headset,0.9
1070,best vr pilot games,0.9
1071,best vr pinball game,0.9
1072,best vr pirate game,0.9
1073,best vr places in vegas,0.9
1074,best vr plane games,0.9
1075,best vr player android reddit,0.9
1076,best vr player for windows,0.9
1077,best vr processor,0.9
1078,best vr ps4 games 2022,0.9
1079,best vr puzzle games,0.9
1080,best vr puzzle games reddit,0.9
1081,best vr pvp shooter,0.9
1082,best vr quest games,0.9
1083,best vr racing games 2023,0.9
1084,best vr racing games on steam,0.9
1085,best vr racing setup,0.9
1086,best vr racing sim reddit,0.9
1087,best vr rec room games,0.9
1088,best vr roblox shooter,0.9
1089,best vr roguelike,0.9
1090,best vr roller coaster apps,0.9
1091,best vr room setup,0.9
1092,best vr router,0.9
1093,best vr rpg games 2023,0.9
1094,best vr rpgs 2022,0.9
1095,best vr rts games,0.9
1096,best vr running platform,0.9
1097,best vr scary games,0.9
1098,best vr set for steam,0.9
1099,best vr shooters free,0.9
1100,best vr shooting range,0.9
1101,best vr sim racing game,0.9
1102,best vr single player games,0.9
1103,best vr single player shooter,0.9
1104,best vr sit down games,0.9
1105,best vr sniper game,0.9
1106,best vr snooker game,0.9
1107,best vr social games,0.9
1108,best vr sports games 2023,0.9
1109,best vr sports games reddit,0.9
1110,best vr spy games,0.9
1111,best vr star wars game,0.9
1112,best vr star wars games,0.9
1113,best vr steering wheel,0.9
1114,best vr story games,0.9
1115,best vr streaming app,0.9
1116,best vr supported steam games,0.9
1117,best vr surgery games,0.9
1118,best vr system for family,0.9
1119,best vr tabletop games,0.9
1120,best vr tactical shooter,0.9
1121,best vr tank games,0.9
1122,best vr tennis game reddit,0.9
1123,best vr that doesn't need pc,0.9
1124,best vr to use with steam,0.9
1125,best vr travel apps,0.9
1126,best vr treadmill,0.9
1127,best vr under 600,0.9
1128,best vr use cases,0.9
1129,best vr usernames,0.9
1130,best vr video player quest 2,0.9
1131,best vr video player reddit,0.9
1132,best vr walking platform,0.9
1133,best vr war games,0.9
1134,best vr web browser,0.9
1135,best vr wireless headset,0.9
1136,best vr with full body tracking,0.9
1137,best vr without pc,0.9
1138,best vr without phone,0.9
1139,best vr wizard games,0.9
1140,best vr workout system,0.9
1141,best vr xplane,0.9
1142,best vr youtube channels reddit,0.9
1143,best vr youtube videos reddit,0.9
1144,best vr zombie game oculus,0.9
1145,best war vr games,0.9
1146,best youtube vr channels,0.9
1147,best youtube vr horror,0.9
1148,best youtube vr videos 2022,0.9
1149,best youtube vr videos reddit,0.9
1150,be your best vr briller,0.9
1151,current vr games,0.9
1152,easiest vr headset to use,0.9
1153,is valve index the best vr headset,0.9
1154,is vr getting better,0.9
1155,latest vr games,0.9
1156,most realistic vr graphics,0.9
1157,ps vr best buy,0.9
1158,the best vr games for oculus quest 2,0.9
1159,top 3 vr headsets 2022,0.9
1160,top 3 vr headsets 2023,0.9
1161,top 50 vr games,0.9
1162,top 5 vr headsets,0.9
1163,top 5 vr headsets 2022,0.9
1164,top aaa vr games,0.9
1165,top vr action games,0.9
1166,top vr crypto,0.9
1167,top vr titles 2022,0.9
1168,vr best buy canada,0.9
1169,vr best cad center,0.9
1170,vr experiences,0.9
1171,vr for pc,0.9
1172,vr game,0.9
1173,vr games,0.9
1174,vr game ever,0.9
1175,vr system,0.9
1176,vr videos,0.9
1177,what is best oculus to buy,0.9
1178,what is the most advanced vr game,0.9
1179,which is better oculus or psvr,0.9
1180,ac best vr settings,0.89
1181,ar or vr which is better,0.89
1182,best 5$ vr games,0.89
1183,best adventure vr games 2022,0.89
1184,best aliexpress vr headset,0.89
1185,best aot vr games,0.89
1186,best ar vr certification,0.89
1187,best ar vr courses,0.89
1188,best ar vr glasses,0.89
1189,best ar vr stocks,0.89
1190,best bike vr games,0.89
1191,best buy vr headset,0.89
1192,best buy vr oculus,0.89
1193,best buy vr set,0.89
1194,best cheap vr headset uk,0.89
1195,best clarity vr headset,0.89
1196,best commercial vr headset,0.89
1197,best co-op vr games 2022,0.89
1198,best co-op vr games 2023,0.89
1199,best cost effective vr headset,0.89
1200,best cpu dcs vr,0.89
1201,best echo vr player,0.89
1202,best economical vr headset,0.89
1203,best enterprise vr headset,0.89
1204,beste vr brille,0.89
1205,best fnaf vr games,0.89
1206,best free vr games htc vive,0.89
1207,best free vr games ios,0.89
1208,best free vr horror games,0.89
1209,best free vr rpg games,0.89
1210,best history vr experiences,0.89
1211,best iracing vr headset 2023,0.89
1212,best linux vr headset,0.89
1213,best mac vr headset,0.89
1214,best new steam vr games,0.89
1215,best nfl vr game,0.89
1216,best oculus quest two vr games,0.89
1217,best of vrbo,0.89
1218,best oled vr headset,0.89
1219,best pc for running vr,0.89
1220,best pc vr games for quest 2,0.89
1221,best places google earth vr,0.89
1222,best plane in vtol vr,0.89
1223,best portable vr headset,0.89
1224,best portable vr headset 2023,0.89
1225,best ps4 vr adventure games,0.89
1226,best ps5 vr games 2023,0.89
1227,best ps5 vr headset,0.89
1228,best ps vr2 games,0.89
1229,best psvr 2 games,0.89
1230,best samurai vr games,0.89
1231,best skyrim vr mods 2022,0.89
1232,best skyrim vr mods 2023,0.89
1233,best star wars vr games 2022,0.89
1234,best things to do in vrchat,0.89
1235,best thriller vr games,0.89
1236,best travel vr apps,0.89
1237,best travel vr headset,0.89
1238,best upcoming vr games 2022,0.89
1239,best upcoming vr headset 2023,0.89
1240,best value vr gpu,0.89
1241,best value vr headset uk,0.89
1242,best virtual reality crypto coins,0.89
1243,best virtual reality graduate programs,0.89
1244,best virtual reality news sites,0.89
1245,best vr 180 camera,0.89
1246,best vr 180 videos,0.89
1247,best vr 1 mods,0.89
1248,best vr 2 horror games,0.89
1249,best vr 360 horror video,0.89
1250,best vr accessories quest 2,0.89
1251,best vr accessories valve index,0.89
1252,best vr aim controller games,0.89
1253,best vr airplane games,0.89
1254,best vr anatomy app,0.89
1255,best vr and pc crossplay games,0.89
1256,best vr app lab games,0.89
1257,best vr apps for samsung,0.89
1258,best vr archery game,0.89
1259,best vr ar glasses,0.89
1260,best vr at dave and busters,0.89
1261,best vr aviation games,0.89
1262,best vr baseball game,0.89
1263,best vr baseball training,0.89
1264,best vr battery pack,0.89
1265,best vr bike trainer,0.89
1266,best vr body trackers,0.89
1267,best vr bowling game,0.89
1268,best vr boxing game reddit,0.89
1269,best vr box under 1000,0.89
1270,best vr box under 2000,0.89
1271,best vr browser android,0.89
1272,best vr business ideas,0.89
1273,best vr campaign games,0.89
1274,best vr card games,0.89
1275,best vr cardio games,0.89
1276,best vr chat avatar worlds,0.89
1277,best vrchat horror games,0.89
1278,best vr chess game,0.89
1279,best vr cinema app,0.89
1280,best vr cinema app oculus,0.89
1281,best vr clay shooting,0.89
1282,best vr compatible roblox games,0.89
1283,best vr co op horror games,0.89
1284,best vr creative apps,0.89
1285,best vr cricket game,0.89
1286,best vr cricket game reddit,0.89
1287,best vr cycling app,0.89
1288,best vr dance game,0.89
1289,best vr dating sim,0.89
1290,best vr design software,0.89
1291,best vr destruction games,0.89
1292,best vr disc golf game,0.89
1293,best vr discord servers,0.89
1294,best vr diving game,0.89
1295,best vr dogfight,0.89
1296,best vr driving game oculus quest 2,0.89
1297,best vr dungeon crawler,0.89
1298,best vr earbuds,0.89
1299,best vr earphones,0.89
1300,best vr educational apps,0.89
1301,best vr escape room games,0.89
1302,best vr escape room games reddit,0.89
1303,best vr escape room melbourne,0.89
1304,best vr f1 game,0.89
1305,best vr face cover,0.89
1306,best vr fighting games,0.89
1307,best vr fishing game reddit,0.89
1308,best vr fitness games,0.89
1309,best vr fitness games reddit,0.89
1310,best vr flight sim setup,0.89
1311,best vr flight simulator oculus quest 2,0.89
1312,best vr flight simulator setup,0.89
1313,best vr football games,0.89
1314,best vr for 10 year old,0.89
1315,best vr for 6 year old,0.89
1316,best vr for 7 year old,0.89
1317,best vr for 8 year old,0.89
1318,best vr for 9 year old,0.89
1319,best vr for assetto corsa,0.89
1320,best vr for blade and sorcery,0.89
1321,best vr for drifting,0.89
1322,best vr for ets2,0.89
1323,best vr for euro truck simulator 2,0.89
1324,best vr for ghost of tabor,0.89
1325,best vr for gorilla tag,0.89
1326,best vr for mfs2020,0.89
1327,best vr for rtx 3080,0.89
1328,best vr for s21 ultra,0.89
1329,best vr for s22 ultra,0.89
1330,best vr for stationary bike,0.89
1331,best vr for x plane 12,0.89
1332,best vr for x-plane 12,0.89
1333,best vr free games oculus quest 2,0.89
1334,best vr game after alyx,0.89
1335,best vr games for hp reverb g2,0.89
1336,best vr games for quest 3,0.89
1337,best vr games for utopia 360,0.89
1338,best vr games in hyderabad,0.89
1339,best vr games while sitting,0.89
1340,best vr girlfriend games,0.89
1341,best vr glasses for gaming,0.89
1342,best vr gloves,0.89
1343,best vr gloves 2023,0.89
1344,best vr golf game steam,0.89
1345,best vr gpu for the money,0.89
1346,best vr gun games roblox,0.89
1347,best vr hack and slash,0.89
1348,best vr hands game roblox,0.89
1349,best vr hand tracking,0.89
1350,best vr haptic vest,0.89
1351,best vr headset alternative to oculus,0.89
1352,best vr headset for augmented reality,0.89
1353,best vr headset for big heads,0.89
1354,best vr headset for cell phone,0.89
1355,best vr headset for elderly,0.89
1356,best vr headset for elite dangerous reddit,0.89
1357,best vr headset for eyeglass wearers,0.89
1358,best vr headset for gran turismo,0.89
1359,best vr headset for iphone 7,0.89
1360,best vr headset for kids,0.89
1361,best vr headset for lumion,0.89
1362,best vr headset for tv and movies,0.89
1363,best vr headset for two players,0.89
1364,best vr headset for vrchat reddit,0.89
1365,best vr headset for vtol vr,0.89
1366,best vr headset for watching movies,0.89
1367,best vr headset for xbox one uk,0.89
1368,best vr headset for xbox s,0.89
1369,best vr headset for xbox series x,0.89
1370,best vr headset for youtube,0.89
1371,best vr headset not owned by facebook,0.89
1372,best vr headset under 600,0.89
1373,best vr headset with eye tracking,0.89
1374,best vr horror games free,0.89
1375,best vr horror games on roblox,0.89
1376,best vr indie games,0.89
1377,best vr jet games,0.89
1378,best vr koop games,0.89
1379,best vr language app,0.89
1380,best vr learning apps,0.89
1381,best vr lenses reddit,0.89
1382,best vr local multiplayer games,0.89
1383,best vr mat,0.89
1384,best vr mat reddit,0.89
1385,best vr minecraft mods,0.89
1386,best vr mods for non vr games,0.89
1387,best vr motherboard,0.89
1388,best vr mountain bike,0.89
1389,best vr multiplayer horror games,0.89
1390,best vr music games,0.89
1391,best vr mystery games,0.89
1392,best vr nature apps,0.89
1393,best vr nature videos,0.89
1394,best vr oculus quest 2 games 2023,0.89
1395,best vr office apps,0.89
1396,best vr offline games,0.89
1397,best vr parkour games,0.89
1398,best vr passthrough headset,0.89
1399,best vr photo viewer,0.89
1400,best vr pickleball game,0.89
1401,best vr planes msfs,0.89
1402,best vr player for iphone,0.89
1403,best vr player for oculus quest 2,0.89
1404,best vr poker game,0.89
1405,best vr pool game,0.89
1406,best vr prescription lens,0.89
1407,best vr puzzle adventure games,0.89
1408,best vr puzzle games 2022,0.89
1409,best vr qr code,0.89
1410,best vr quest 2 games,0.89
1411,best vr quest games 2022,0.89
1412,best vr racing wheel,0.89
1413,best vr ready gaming pc,0.89
1414,best vr ready gpu,0.89
1415,best vr resolution per eye,0.89
1416,best vr rhythm games reddit,0.89
1417,best vr road driving sim,0.89
1418,best vr roblox horror games,0.89
1419,best vr rpg quest 2,0.89
1420,best vr sailing game,0.89
1421,best vr sailing simulator,0.89
1422,best vr sandbox games,0.89
1423,best vr sculpting program,0.89
1424,best vr sculpting reddit,0.89
1425,best vr set for education,0.89
1426,best vr set for ps5,0.89
1427,best vr shooter games on steam,0.89
1428,best vr shooting games 2023,0.89
1429,best vr shooting games htc vive,0.89
1430,best vr sim racing setup,0.89
1431,best vr skiing game,0.89
1432,best vr skyrim mods,0.89
1433,best vr sniping games,0.89
1434,best vr snowboarding game,0.89
1435,best vr soccer games,0.89
1436,best vr soccer training,0.89
1437,best vr solo games,0.89
1438,best vr spiderman games,0.89
1439,best vr sports games oculus quest 2,0.89
1440,best vr stand alone headset,0.89
1441,best vr standalone headset,0.89
1442,best vr strategy games,0.89
1443,best vr superhero games,0.89
1444,best vr super power games,0.89
1445,best vr supported roblox games,0.89
1446,best vr sweatband,0.89
1447,best vr sword fighting games reddit,0.89
1448,best vr sword games,0.89
1449,best vr tai chi,0.89
1450,best vr tennis game,0.89
1451,best vr tennis training,0.89
1452,best vr to use with ps5,0.89
1453,best vr treadmill 2023,0.89
1454,best vr treadmill reddit,0.89
1455,best vr video converter,0.89
1456,best vr video player android,0.89
1457,best vr video player ios,0.89
1458,best vr video player iphone,0.89
1459,best vr videos while high,0.89
1460,best vr walking simulators,0.89
1461,best vr wave shooter,0.89
1462,best vr whiteboard,0.89
1463,best vr without computer,0.89
1464,best vr workout games,0.89
1465,best vr workout games 2023,0.89
1466,best vr workout games reddit,0.89
1467,best vr workspace app,0.89
1468,best vr ww2 flight sim,0.89
1469,best vr ww2 games,0.89
1470,best vr zombie game,0.89
1471,best vr zombie game reddit,0.89
1472,best vr zombie games,0.89
1473,best vr zombie shooter,0.89
1474,best western vr games,0.89
1475,biggest vr company,0.89
1476,current vr options,0.89
1477,fallout 4 best vr mods,0.89
1478,good quality vr,0.89
1479,highest fov vr headset,0.89
1480,highest fps vr headset,0.89
1481,highest resolution vr,0.89
1482,highest resolution vr headset,0.89
1483,is ar better than vr,0.89
1484,is quest 2 the best vr headset,0.89
1485,minecraft best vr mods,0.89
1486,msfs best vr aircraft,0.89
1487,nvidia best vr settings,0.89
1488,popular oculus vr games,0.89
1489,ps vr2 best buy,0.89
1490,quest 2 best vr games,0.89
1491,quest 2 best vr video player,0.89
1492,recommended vr games,0.89
1493,the best vr fitness games,0.89
1494,top 10 best free vr games,0.89
1495,top 10 best roblox vr games,0.89
1496,top ten best free vr games,0.89
1497,ultimate vr setup,0.89
1498,virtual vr near me,0.89
1499,vr best fitness games,0.89
1500,vr device comparison,0.89
1501,vr examples,0.89
1502,vr vs 3d,0.89
1503,vr vs ar which is better,0.89
1504,vr headset,0.89
1505,vr headsets,0.89
1506,vr headset right now,0.89
1507,vr movies,0.89
1508,vr or playstation,0.89
1509,vr video player,0.89
1510,we are vr,0.89
1511,what is the best vr headset for dcs,0.89
1512,x plane best vr headset,0.89
1513,a good vr headset,0.88
1514,ar vs vr which is better,0.88
1515,automobilista 2 best vr settings,0.88
1516,best 180 vr player android,0.88
1517,best affordable vr headset,0.88
1518,best affordable vr headset reddit,0.88
1519,best ar vr companies in india,0.88
1520,best budget vr headset australia,0.88
1521,best budget vr headset uk,0.88
1522,best buy vr oculus quest 2,0.88
1523,best california vrbo,0.88
1524,best cheap vr headset amazon,0.88
1525,best co op vr games oculus quest 2,0.88
1526,best co op vr horror games,0.88
1527,best crime vr games,0.88
1528,best fnaf vr fan games,0.88
1529,best free vr games quest 2,0.88
1530,best free vr hunting games,0.88
1531,best free vr puzzle games,0.88
1532,best games for bnext vr headset,0.88
1533,best goalkeeper vr games,0.88
1534,best gpu dcs vr,0.88
1535,best ios vr apps reddit,0.88
1536,best itch.io vr games,0.88
1537,best jumpscare vr games,0.88
1538,best kat vr games,0.88
1539,best lightweight vr headset,0.88
1540,best looking vr racing game,0.88
1541,best minecraft vr servers,0.88
1542,best msfs vr settings,0.88
1543,best naruto vr games,0.88
1544,best new vr games quest 2,0.88
1545,best ninja vr games,0.88
1546,best one piece vr game,0.88
1547,best pc for iracing vr,0.88
1548,best pico vr games,0.88
1549,best pico vr headset,0.88
1550,best prescription vr lenses,0.88
1551,best ps4 vr aim controller games,0.88
1552,best ps vr horror games,0.88
1553,best quest two vr games,0.88
1554,best sao vr game,0.88
1555,best shoot em up vr games,0.88
1556,best skyrim vr enb,0.88
1557,best skyrim vr modpack,0.88
1558,best skyrim vr mods reddit,0.88
1559,best smartphone vr holder,0.88
1560,best star wars vr games oculus quest 2,0.88
1561,best star wars vr mods,0.88
1562,best tethered vr headset 2023,0.88
1563,best tv with vrr,0.88
1564,best virtual reality tennis game,0.88
1565,best vr180 camera,0.88
1566,best vr air combat games,0.88
1567,best vr apps for elderly,0.88
1568,best vr apps for meta quest 2,0.88
1569,best vr art apps,0.88
1570,best vr astronomy apps,0.88
1571,best vr attack on titan game,0.88
1572,best vr baseball game free,0.88
1573,best vrbo nc,0.88
1574,best vrbo new england,0.88
1575,best vr box for mobile,0.88
1576,best vr boxing game,0.88
1577,best vr boxing trainer,0.88
1578,best vr box price in india,0.88
1579,best vr browser for oculus quest 2,0.88
1580,best vr browser iphone,0.88
1581,best vr cable management,0.88
1582,best vr camera for oculus quest,0.88
1583,best vr camera for oculus quest 2,0.88
1584,best vr chat avatar creators,0.88
1585,best vr climbing games,0.88
1586,best vr cooking game,0.88
1587,best vr co op games quest 2,0.88
1588,best vr crafting games,0.88
1589,best vr darts game,0.88
1590,best vr dating apps,0.88
1591,best vr dating games,0.88
1592,best vr detective games,0.88
1593,best vr dinosaur app,0.88
1594,best vr dinosaur game,0.88
1595,best vr dirt bike games,0.88
1596,best vr dj game,0.88
1597,best vr drawing app,0.88
1598,best vr editing software,0.88
1599,best vr escape room games oculus quest 2,0.88
1600,best vr escape room games steam,0.88
1601,best vr escape room london,0.88
1602,best vr escape room sydney,0.88
1603,best vr farming games,0.88
1604,best vr fighter jet game,0.88
1605,best vr fishing game,0.88
1606,best vr fishing game 2023,0.88
1607,best vr fitness apps,0.88
1608,best vr games for 10 year olds,0.88
1609,best vr games for 13 year olds,0.88
1610,best vr games for 14 year olds,0.88
1611,best vr games for 6 year olds,0.88
1612,best vr games for 7 year olds,0.88
1613,best vr games for 9 year olds,0.88
1614,best vr games for autism,0.88
1615,best vr games to keep fit,0.88
1616,best vr games to sleep in,0.88
1617,best vr glasses for iphone,0.88
1618,best vr goggles for flight simulator,0.88
1619,best vr goggles for iphone,0.88
1620,best vr gorilla tag player,0.88
1621,best vr graffiti games,0.88
1622,best vr gun controller,0.88
1623,best vr gun games free,0.88
1624,best vr gun stock,0.88
1625,best vr gun stock 2023,0.88
1626,best vr gun stock quest 2,0.88
1627,best vr gun stock reddit,0.88
1628,best vr headset for 6.7 inch phone,0.88
1629,best vr headset for cycling,0.88
1630,best vr headset for dcs,0.88
1631,best vr headset for dirt rally 2.0,0.88
1632,best vr headset for dji mini 2,0.88
1633,best vr headset for fnaf help wanted,0.88
1634,best vr headset for gtx 1060,0.88
1635,best vr headset for iphone uk,0.88
1636,best vr headset for macbook air,0.88
1637,best vr headset for nexus 6,0.88
1638,best vr headset for pixel 6,0.88
1639,best vr headset for rfactor 2,0.88
1640,best vr headset for rtx 3080,0.88
1641,best vr headset for rtx 4090,0.88
1642,best vr headset for s23 ultra,0.88
1643,best vr headset for tweens,0.88
1644,best vr headset for twinmotion,0.88
1645,best vr headset for watching tv,0.88
1646,best vr headset for web browsing,0.88
1647,best vr headsets for schools uk,0.88
1648,best vr hitman games,0.88
1649,best vr horror games quest 2,0.88
1650,best vr jet fighter game,0.88
1651,best vr master naruto to boruto,0.88
1652,best vr meditation apps,0.88
1653,best vr meditation apps 2023,0.88
1654,best vr meeting apps 2023,0.88
1655,best vr meta quest 2 games,0.88
1656,best vr meta quest 2 games 2023,0.88
1657,best vr minecraft servers,0.88
1658,best vr mods for skyrim,0.88
1659,best vr mod websites,0.88
1660,best vr multiplayer games quest 2,0.88
1661,best vr painting games,0.88
1662,best vr phone compatibility,0.88
1663,best vr pistol games,0.88
1664,best vr player for iphone reddit,0.88
1665,best vr police games,0.88
1666,best vr prescription lenses,0.88
1667,best vr prescription lenses reddit,0.88
1668,best vr prescription lenses uk,0.88
1669,best vr price in pakistan,0.88
1670,best vr productivity apps,0.88
1671,best vr quest 2 games 2022,0.88
1672,best vr quest 2 games 2023,0.88
1673,best vr quest 2 games free,0.88
1674,best vr quest 2 horror games,0.88
1675,best vr racing game quest 2,0.88
1676,best vr rail shooters,0.88
1677,best vr ready graphics cards,0.88
1678,best vr ready laptops,0.88
1679,best vr rhythm games,0.88
1680,best vr roguelike games,0.88
1681,best vrr tv,0.88
1682,best vr sculpting tool,0.88
1683,best vr settings dcs,0.88
1684,best vr software for architecture,0.88
1685,best vr stealth games,0.88
1686,best vr survival games,0.88
1687,best vr swat games,0.88
1688,best vr sweat mask,0.88
1689,best vr table tennis game,0.88
1690,best vrv ac,0.88
1691,best vr viewer for iphone,0.88
1692,best vr web browser android,0.88
1693,best vr websites for oculus quest 2,0.88
1694,best vr wirecutter,0.88
1695,best vr without base stations,0.88
1696,best vr workout apps,0.88
1697,best vr workout games steam,0.88
1698,best vr youtube videos scary,0.88
1699,best vr zombie game 2022,0.88
1700,best vr zombie game oculus quest 2,0.88
1701,best vr zombie survival games,0.88
1702,best vtol vr missions,0.88
1703,best ww1 vr games,0.88
1704,best youtube vr music videos,0.88
1705,best youtube vr videos for oculus quest 2,0.88
1706,borderlands 2 vr best character,0.88
1707,comfortable vr games,0.88
1708,dcs best vr plane,0.88
1709,expensive vr,0.88
1710,fallout 4 vr best graphics settings,0.88
1711,good fun vr games,0.88
1712,good vr names,0.88
1713,good vr pfp,0.88
1714,good vr slogans,0.88
1715,is vr good for your eyes,0.88
1716,no good vr games,0.88
1717,no man's sky best vr settings,0.88
1718,pico 4 vr best games,0.88
1719,population one vr best settings,0.88
1720,project cars 2 best vr settings,0.88
1721,quest 2 vr best buy,0.88
1722,recommended vr time,0.88
1723,resident evil 4 vr best weapons,0.88
1724,rfactor 2 best vr settings,0.88
1725,squadrons best vr settings,0.88
1726,top giochi vr,0.88
1727,top juegos vr ps4,0.88
1728,top vr rv24yn 20s,0.88
1729,vr wave review,0.88
1730,vr headset 2022,0.88
1731,vr headset india,0.88
1732,vr headset overall. oculus,0.88
1733,vr headset to buy,0.88
1734,vr set,0.88
1735,vr settings,0.88
1736,we 'r' vr,0.88
1737,which vr games should i buy,0.88
1738,among us vr mrbeast,0.87
1739,ams2 best vr settings,0.87
1740,ar vs vr vs ai,0.87
1741,ar vs vr vs mr,0.87
1742,best ancient dungeon vr seed,0.87
1743,best android vr cinema app,0.87
1744,best budget vr cpu,0.87
1745,best budget vr gpu,0.87
1746,best budget vr headset for sim racing,0.87
1747,best buy vr goggles,0.87
1748,best buy vr ready pc,0.87
1749,best classroom vr sets,0.87
1750,best colorado vrbo,0.87
1751,best co op vr games quest 2,0.87
1752,best dcs vr settings,0.87
1753,best demon slayer vr games,0.87
1754,best echo vr settings,0.87
1755,best florida vrbo,0.87
1756,best free vr games meta quest 2,0.87
1757,best free vr rhythm games,0.87
1758,best fs2020 vr settings,0.87
1759,best gpu for vr iracing,0.87
1760,best gym class vr settings,0.87
1761,best hawaii vrbo,0.87
1762,best headset for echo vr,0.87
1763,best iracing vr settings,0.87
1764,best kpop vr videos,0.87
1765,best laptop to run vr,0.87
1766,best minecraft vr shaders,0.87
1767,best mn vrbo,0.87
1768,best nikon vr lenses,0.87
1769,best ohio vrbo,0.87
1770,best pc for dcs vr,0.87
1771,best pc for vtol vr,0.87
1772,best prescription vr lenses quest 2,0.87
1773,best skyrim vr graphics mods,0.87
1774,best skyrim vr immersion mods,0.87
1775,best tv for vrbo,0.87
1776,best vr180 camera 2022,0.87
1777,best vr180 camera 2023,0.87
1778,best vr apps for autism,0.87
1779,best vr apps for iphone without controller,0.87
1780,best vr apps for tzumi dream vision,0.87
1781,best vr authoring tools,0.87
1782,best vr blacksmith game,0.87
1783,best vrbo in new york,0.87
1784,best vr box price in pakistan,0.87
1785,best vrchat rp worlds,0.87
1786,best vr dogfighting game,0.87
1787,best vr drum game,0.87
1788,best vrf ac,0.87
1789,best vr floor mat,0.87
1790,best vr games for 11 year olds,0.87
1791,best vr games for lying down,0.87
1792,best vr games for tweens,0.87
1793,best vr games like blade and sorcery,0.87
1794,best vr glasses for iphone 6 plus,0.87
1795,best vr glasses for movies,0.87
1796,best vr glasses for work,0.87
1797,best vr goggles for iracing,0.87
1798,best vr golf club attachment reddit,0.87
1799,best vr graphics card under 200,0.87
1800,best vr haptic gloves,0.87
1801,best vr headset for 6.5 inch phone,0.87
1802,best vr headset for 6 year-old,0.87
1803,best vr headset for 9 year old,0.87
1804,best vr headset for nintendo switch lite,0.87
1805,best vr headset for rtx 3070,0.87
1806,best vr horror games quest 2 free,0.87
1807,best vr interior design software,0.87
1808,best vr lens cleaner,0.87
1809,best vr lens cleaner reddit,0.87
1810,best vr link cable,0.87
1811,best vr master shinobi striker,0.87
1812,best vr master shinobi striker 2023,0.87
1813,best vr meeting apps,0.87
1814,best vr multiplayer games quest 2 free,0.87
1815,best vr omnidirectional treadmill,0.87
1816,best vr painting app,0.87
1817,best vr player for hp reverb g2,0.87
1818,best vr prescription lenses quest 2,0.87
1819,best vr prescription lenses valve index,0.87
1820,best vr pulley system,0.87
1821,best vr puzzle games quest 2,0.87
1822,best vr racing game with steering wheel,0.87
1823,best vr ready gaming laptops,0.87
1824,best vr rifle stock,0.87
1825,best vrr tv 2022,0.87
1826,best vr settings assetto corsa,0.87
1827,best vr settings for elite dangerous,0.87
1828,best vr settings nvidia control panel,0.87
1829,best vr stock for ghost of tabor,0.87
1830,best vr sword fighting games 2022,0.87
1831,best vr tower defense games,0.87
1832,best vr vest for oculus quest 2,0.87
1833,best vr web browser for oculus quest 2,0.87
1834,best vr workout games quest 2,0.87
1835,best vtol vr mods,0.87
1836,dirt rally 2 best vr settings,0.87
1837,ets2 best vr settings,0.87
1838,good doctor vr heart surgery,0.87
1839,good quality vr videos,0.87
1840,good vr adventure games,0.87
1841,good vr usernames,0.87
1842,il2 best vr settings,0.87
1843,is vr a good investment,0.87
1844,is vr good cardio,0.87
1845,is vr good for fitness,0.87
1846,no man's sky vr best mods,0.87
1847,skyrim vr best npc mod,0.87
1848,top juegos vr,0.87
1849,top juegos vr android,0.87
1850,top juegos vr pc,0.87
1851,top jump vr,0.87
1852,top jump vr reviews,0.87
1853,top squad vr,0.87
1854,up and coming vr companies,0.87
1855,v1 vs vr vs v2,0.87
1856,valve index vr review,0.87
1857,vrchat avatars,0.87
1858,vr exercise games,0.87
1859,vr top zins,0.87
1860,vr ui examples,0.87
1861,vr vs v engine,0.87
1862,vr games oculus quest,0.87
1863,vr headset 2023,0.87
1864,vr mods,0.87
1865,what is a vr gp,0.87
1866,what is vr on facebook,0.87
1867,what was the best vr element/scene of ready player one,0.87
1868,acc vr setup,0.86
1869,ar vs vr vs mr vs xr,0.86
1870,beat saber vr,0.86
1871,best apps for bnext vr headset,0.86
1872,best arizona vrbo,0.86
1873,best ar/vr courses in india,0.86
1874,best budget vr headset for pc reddit,0.86
1875,best buy vr black friday,0.86
1876,best cpu for vr iracing,0.86
1877,best free educational vr apps,0.86
1878,best gorilla tag vr names,0.86
1879,best gpu for fs2020 vr,0.86
1880,best iphone vr headset for watching movies,0.86
1881,best michigan vrbo,0.86
1882,best montana vrbo,0.86
1883,best old v,0.86
1884,best strategy for vr ucat,0.86
1885,best vr6 hp,0.86
1886,best vrbo in new orleans,0.86
1887,best vrbo in texas,0.86
1888,best vrbo on maui,0.86
1889,best vrbo st john,0.86
1890,best vr camera for live streaming,0.86
1891,best vr glasses for steam deck,0.86
1892,best vr settings for automobilista 2,0.86
1893,best vr sword fighting games free,0.86
1894,best vr sword fighting games quest 2,0.86
1895,best vr tracker straps,0.86
1896,best wisconsin vrbo,0.86
1897,biggest ar/vr companies,0.86
1898,bvr games,0.86
1899,can you play vr on tv,0.86
1900,can you use vr on tv,0.86
1901,can you watch vr on tv,0.86
1902,difference between vr and vr ii,0.86
1903,easy to run vr games,0.86
1904,expensive vr set,0.86
1905,good vr hunting games,0.86
1906,good vr names for youtube,0.86
1907,good vr tiktok names,0.86
1908,good vr tiktok usernames,0.86
1909,good vr war games,0.86
1910,good youtube vr names,0.86
1911,io games best,0.86
1912,iron man vr best upgrades,0.86
1913,is subnautica better in vr,0.86
1914,mrbeast playing vr,0.86
1915,mrbeast vr,0.86
1916,old games in vr,0.86
1917,pokerstars vr best slots,0.86
1918,quest vr 2 review,0.86
1919,se vr2 review,0.86
1920,the best,0.86
1921,top juegos vr 2023,0.86
1922,ux design vr,0.86
1923,valve vr headset review,0.86
1924,vra,0.86
1925,vram games,0.86
1926,vrchat,0.86
1927,vrchat avatar,0.86
1928,vrs,0.86
1929,vr ui best practices,0.86
1930,vr vs ar vs xr,0.86
1931,vr zone dc reviews,0.86
1932,vr box in india,0.86
1933,warn vr vs vr evo,0.86
1934,zero caliber vr review,0.86
1935,best hotas for dcs vr,0.85
1936,best ir illuminator for vr,0.85
1937,best ob-gyne in vrp,0.85
1938,best r us,0.85
1939,best vrbo in gatlinburg tn,0.85
1940,best vrbo in new mexico,0.85
1941,best vr boxing game quest 2 free,0.85
1942,best vr gloves for dcs,0.85
1943,best vr master shinobi striker attack,0.85
1944,best vrr tv for ps5,0.85
1945,best vrv ac brand,0.85
1946,best wheel for gt7 vr,0.85
1947,can you watch nfl in vr,0.85
1948,expensive vr headset,0.85
1949,first person tennis vr review,0.85
1950,good ucat vr score,0.85
1951,good vr names for tiktok,0.85
1952,how to run in vr,0.85
1953,how to watch vr on tv,0.85
1954,is echo vr on psvr,0.85
1955,is psvr v2 better than v1,0.85
1956,is rx 5600 xt good for vr,0.85
1957,is ryzen 5 good for vr,0.85
1958,vray 6 best render settings,0.85
1959,vrbo,0.85
1960,vrf,0.85
1961,vr vs ir routes,0.85
1962,we bare bears vr,0.85
1963,xr vs vr vs ar,0.85
1964,best 120hz vrr tv,0.84
1965,best budget vrr tv,0.84
1966,best fishing vrbo texas,0.84
1967,best pp filter for vr assetto corsa,0.84
1968,best vrat ka khana,0.84
1969,best vrbo in texas with pool,0.84
1970,best vrbo texas hill country,0.84
1971,best vrops 8 dashboards,0.84
1972,best vrv ac in india,0.84
1973,best vw vr6 engine,0.84
1974,can you watch vr videos on psvr,0.84
1975,good vr names for gorilla tag,0.84
1976,good ww2 vr games,0.84
1977,its best or it's best,0.84
1978,la noire vr review,0.84
1979,mrbeast avatar vrchat,0.84
1980,mrbeast vr talent show,0.84
1981,pa best views,0.84
1982,vram,0.84
1983,vrbo rentals,0.84
1984,vrbo williamsburg,0.84
1985,vr qr code,0.84
1986,we bare bears vr game,0.84
1987,ys best games,0.84
1988,best ammo for vr80,0.83
1989,best ar smart glasses,0.83
1990,best buy vr return policy,0.83
1991,best it value,0.83
1992,best vrf ac in india,0.83
1993,better versus best,0.83
1994,can a hp laptop run vr,0.83
1995,can you watch youtube vr on psvr,0.83
1996,is stride vr on oculus quest,0.83
1997,mi vr price,0.83
1998,non vr rates for gp,0.83
1999,vrbas,0.83
2000,vrbo locations,0.83
2001,vrbo moab,0.83
2002,vrc,0.83
2003,we bare bears vr episode,0.83
2004,best buy vr headset return policy,0.82
2005,best dj visuals,0.82
2006,best gx games,0.82
2007,best time ever,0.82
2008,best year v rod,0.82
2009,best yu gi oh games,0.82
2010,big ed best view,0.82
2011,dr vranjes best seller,0.82
2012,gear vr oculus qr code,0.82
2013,gear vr qr code,0.82
2014,kv top vroomshoop,0.82
2015,my best home vraceni zbozi,0.82
2016,tj best,0.82
2017,un vrai best seller,0.82
2018,vraiment,0.82
2019,vram gpu,0.82
2020,vrbo or airbnb,0.82
2021,vriendin.nl best gelezen,0.82
2022,you are the best,0.82
2023,best ac dharamshala in vrindavan,0.81
2024,best dj video pool,0.81
2025,best dr vranjes diffuser,0.81
2026,best things to do in vrindavan,0.81
2027,best tv brands,0.81
2028,best yu gi oh series,0.81
2029,can you play minecraft vr on mac,0.81
2030,gk the best reviews,0.81
2031,gw2 best wvw,0.81
2032,il best build,0.81
2033,it best suits you,0.81
2034,mi vr play 2 price,0.81
2035,nu best reviews,0.81
2036,nw best cpr,0.81
2037,ted ed best videos,0.81
2038,the best man,0.81
2039,the best of me,0.81
2040,top dj vrouw,0.81
2041,vram settings,0.81
2042,vraylar goodrx,0.81
2043,vw vr6 top speed,0.81
2044,best dj video,0.8
2045,best r gui,0.8
2046,best ver ka kits,0.8
2047,best ver ka kits reddit,0.8
2048,best yu gi oh cards,0.8
2049,il bestione,0.8
2050,mrbeast vriendin,0.8
2051,nh best hotel,0.8
2052,pg best courses,0.8
2053,top op vrijdag,0.8
2054,un vrai top model,0.8
2055,vriend doet,0.8
2056,az best equipment,0.79
2057,bbs aqua best commands,0.79
2058,best credit cards uk,0.79
2059,best things to do in vegas,0.79
2060,best yu gi oh decks,0.79
2061,best yu gi oh gba game,0.79
2062,best yu gi oh master duel deck,0.79
2063,choss le vrai best of,0.79
2064,gw2 best wvw build,0.79
2065,nubest tall,0.79
2066,nw best real estate photography,0.79
2067,the best of enemies,0.79
2068,the best of me cast,0.79
2069,tj best nj,0.79
2070,vrat katha,0.79
2071,vrbo glacier,0.79
2072,vrijeme,0.79
2073,best ac brand,0.78
2074,best dj vinyl turntables,0.78
2075,best time to do satyanarayana vratam,0.78
2076,dj virtuous best of yan yan,0.78
2077,dr vranjes best seller scent,0.78
2078,ed sheeran best videos,0.78
2079,gk the best vs resistant,0.78
2080,heeft mrbeast een vriendin,0.78
2081,il bestiario,0.78
2082,il bestia vimercate,0.78
2083,ivr system,0.78
2084,nu best courses,0.78
2085,nubest grow power,0.78
2086,nu best salon,0.78
2087,nw best fish,0.78
2088,nw best storage,0.78
2089,the best way to reverse a vehicle when turning is to,0.78
2090,which bbs are the best,0.78
2091,best cc cream,0.77
2092,best forex broker,0.77
2093,best yu gi oh structure decks,0.77
2094,dj vickers best hits,0.77
2095,il bestione film completo,0.77
2096,it best practices examples,0.77
2097,me best friend,0.77
2098,nu best vitamins,0.77
2099,nw best auto repair,0.77
2100,nw best movers,0.77
2101,the best sandwich place,0.77
2102,vrijstelling tbc test,0.77
2103,weird al best videos,0.77
2104,alabama brawl best video,0.76
2105,alabama brawl best view,0.76
2106,al quran recitation best voice,0.76
2107,best buy xd card,0.76
2108,best dj venues london,0.76
2109,best dj venues nyc,0.76
2110,best ed vitamins,0.76
2111,best makeup brushes,0.76
2112,ed sheeran best vocals,0.76
2113,il best high schools,0.76
2114,ivr,0.76
2115,my best friend,0.76
2116,nu best college list,0.76
2117,nw best artisan marketplace,0.76
2118,the best sandwich place washington,0.76
2119,best alabama vs texas memes,0.75
2120,best bb cream,0.75
2121,best push up bra,0.75
2122,best vikings ol of all time,0.75
2123,it best practices checklist,0.75
2124,it best practices for employees,0.75
2125,it best practices for end users,0.75
2126,nu-best whiplash injury center,0.75
2127,ol dirty bastard best verses,0.75
2128,il best friend il ventilatore,0.74
2129,il bestiario degli italiani,0.74
2130,il best school districts,0.74
2131,edward vi best friend,0.73
2132,best edward vii biography,0.72
2133,nu best college list in dhaka,0.71
2134,edward vi best known for,0.7