Keyword,seed_keyword,cosine_similarity
best vr vr,Best Vr,0.969
top best vr,Best Vr,0.959
best in vr,Best Vr,0.953
best of vr,Best Vr,0.968
vr best vr,Best Vr,0.976
what are the best vr,Best Vr,0.971
what is the best vr,Best Vr,0.986
what's the best vr,Best Vr,0.97
your best vr,Best Vr,0.999
be best vr,Best Vr,0.96
best of vr games,Best Vr,0.952
best vr available,Best Vr,0.966
best vr for games,Best Vr,0.99
best vr game,Best Vr,0.966
best vr games,Best Vr,0.961
best vr now,Best Vr,0.978
best vr out,Best Vr,0.994
best vr technology,Best Vr,0.965
best vr travel,Best Vr,0.994
best vr uk,Best Vr,0.999
to best vr,Best Vr,0.98
top best vr games,Best Vr,0.957
vr games best ones,Best Vr,0.95
best travel vr,Best Vr,0.951
best vr australia,Best Vr,0.971
best vr ever,Best Vr,0.984
best vr experiences,Best Vr,0.989
best vr for pc,Best Vr,0.987
best vr games available,Best Vr,0.998
best vr in the world,Best Vr,0.963
best vr oculus,Best Vr,0.962
best vr of the world,Best Vr,0.955
best vr on steam,Best Vr,0.972
best vr pc,Best Vr,0.968
best vr se,Best Vr,0.979
best vr tech,Best Vr,0.991
best vr things,Best Vr,0.984
best vr video games,Best Vr,0.975
is oculus the best vr,Best Vr,0.972
is vive the best vr,Best Vr,0.975
oculus vr best one,Best Vr,0.959
the best vr experience,Best Vr,0.988
the best vr games,Best Vr,0.98
top 5 best vr,Best Vr,0.951
what is the best vr available,Best Vr,0.953
what's best vr headset,Best Vr,0.956
what's the best vr game,Best Vr,0.98
5 best virtual reality,Best Vr,0.988
best 5 vr,Best Vr,0.957
best code vr,Best Vr,0.984
best ever vr games,Best Vr,0.986
best future vr,Best Vr,0.985
best games on vr,Best Vr,0.975
best life vr,Best Vr,0.982
best of vr 2019,Best Vr,0.971
best of vr videos,Best Vr,0.963
best overall vr,Best Vr,0.966
best pc vr games,Best Vr,0.995
best vr 2022,Best Vr,0.99
best vr 360,Best Vr,0.952
best vr acc,Best Vr,0.984
best vr adventure,Best Vr,0.951
best vr app,Best Vr,0.965
best vr at the moment,Best Vr,0.961
best vr brand,Best Vr,0.983
best vr build,Best Vr,0.991
best vr camera,Best Vr,0.986
best vr cinema,Best Vr,0.976
best vr companies,Best Vr,0.97
best vr currently,Best Vr,0.97
best vr device,Best Vr,0.996
best vr dubai,Best Vr,0.975
best vr enterprise,Best Vr,0.979
best vr equipment,Best Vr,0.99
best vr ever made,Best Vr,0.992
best vr experiences oculus,Best Vr,0.984
best vr flying,Best Vr,0.966
best vr for pc gaming,Best Vr,0.982
best vr for xbox,Best Vr,1.0
best vr for your money,Best Vr,0.995
best vr fps,Best Vr,0.966
best vr games ign,Best Vr,0.966
best vr games on vr,Best Vr,0.962
best vr gear,Best Vr,0.971
best vr hmd,Best Vr,0.997
best vr image,Best Vr,0.99
best vr immersion,Best Vr,0.971
best vr in 2022,Best Vr,0.959
best vr in 2023,Best Vr,0.997
best vr in the market,Best Vr,0.975
best vr latest,Best Vr,0.988
best vr list,Best Vr,0.964
best vr melbourne,Best Vr,0.965
best vr near me,Best Vr,0.976
best vr news,Best Vr,0.977
best vr on pc,Best Vr,0.974
best vr on the market,Best Vr,0.956
best vr on the market 2022,Best Vr,0.965
best vr on youtube,Best Vr,0.97
best vr out now,Best Vr,0.964
best vr pc games,Best Vr,0.956
best vr performance,Best Vr,0.99
best vr places,Best Vr,0.965
best vr platform,Best Vr,0.99
best vr player,Best Vr,0.959
best vr products,Best Vr,0.996
best vr projects,Best Vr,0.989
best vr ps4,Best Vr,0.954
best vr quality,Best Vr,0.984
best vr racing,Best Vr,0.953
best vr rides,Best Vr,0.981
best vr right now,Best Vr,0.993
best vr right now reddit,Best Vr,0.963
best vr roller coaster,Best Vr,0.968
best vr room,Best Vr,0.967
best vr shows,Best Vr,0.967
best vr software,Best Vr,0.984
best vr system,Best Vr,0.95
best vr titles,Best Vr,0.95
best vr to buy,Best Vr,0.984
best vr top 5,Best Vr,0.984
best vr video,Best Vr,0.961
best vr you can buy,Best Vr,0.952
be your best vr,Best Vr,0.971
the best vr in the world,Best Vr,0.955
top best vr headset,Best Vr,0.997
what is the best game on vr,Best Vr,0.96
what is the best vr company,Best Vr,0.954
what is the best vr headset,Best Vr,0.961
what vr has the best graphics,Best Vr,0.971
5 best vr games,Best Vr,0.95
best futuristic vr,Best Vr,0.977
best jump vr,Best Vr,0.969
best live virtual reality,Best Vr,0.981
best minecraft vr,Best Vr,0.989
best of vr 2021,Best Vr,0.976
best virtual reality available now,Best Vr,0.979
best virtual reality avatar,Best Vr,0.989
best virtual reality immersion,Best Vr,0.972
best virtual reality near me,Best Vr,0.997
best virtual reality rides,Best Vr,0.96
best virtual reality theme park,Best Vr,0.963
best virtual reality vancouver,Best Vr,0.99
best virtual reality you can buy,Best Vr,0.955
best vr 2023,Best Vr,0.961
best vr 500,Best Vr,0.961
best vr activities,Best Vr,0.966
best vr android,Best Vr,0.96
best vr apps,Best Vr,1.0
best vr arcade,Best Vr,0.954
best vr art,Best Vr,0.965
best vr at home,Best Vr,0.969
best vr auckland,Best Vr,0.955
best vr box,Best Vr,0.956
best vr budget,Best Vr,0.996
best vr cam,Best Vr,0.973
best vrchat,Best Vr,0.992
best vr cloud gaming,Best Vr,0.986
best vr console,Best Vr,0.958
best vr daydream,Best Vr,0.999
best vr devices 2023,Best Vr,0.963
best vr engine,Best Vr,0.986
best vr environments,Best Vr,0.963
best vr equipment 2023,Best Vr,0.999
best vr experiences 2023,Best Vr,0.988
best vr experiences reddit,Best Vr,0.957
best vr experience uk,Best Vr,0.975
best vr fitness,Best Vr,0.975
best vr flight,Best Vr,0.953
best vr for steam,Best Vr,0.956
best vr for steam vr,Best Vr,0.956
best vr for vrchat,Best Vr,0.961
best vr fov,Best Vr,0.987
best vr franchise,Best Vr,0.959
best vr games all time,Best Vr,0.963
best vr games as of 2022,Best Vr,0.974
best vr games reddit,Best Vr,0.966
best vr games right now,Best Vr,0.961
best vr games steam vr,Best Vr,0.962
best vr graphics,Best Vr,0.967
best vr hardware,Best Vr,0.972
best vr headset,Best Vr,0.969
best vr hmd 2022,Best Vr,0.96
best vr horror,Best Vr,0.977
best vr ideas,Best Vr,0.972
best vr immersive experiences,Best Vr,0.96
best vr in india,Best Vr,0.953
best vr kit,Best Vr,0.98
best vr lab,Best Vr,0.974
best vr land,Best Vr,0.964
best vr las vegas,Best Vr,0.977
best vr learning,Best Vr,0.969
best vr locations,Best Vr,0.958
best vr london,Best Vr,0.96
best vr machine,Best Vr,0.951
best vr masters,Best Vr,0.986
best vr minecraft,Best Vr,0.956
best vr mod,Best Vr,0.95
best vr money can buy,Best Vr,0.989
best vr no pc,Best Vr,0.973
best vr not facebook,Best Vr,0.989
best vr nyc,Best Vr,0.969
best vr oculus game,Best Vr,0.98
best vr of 2022,Best Vr,0.988
best vr on a budget,Best Vr,0.981
best vr on amazon,Best Vr,0.997
best vr on iphone,Best Vr,0.999
best vr online games,Best Vr,0.959
best vr on the market 2023,Best Vr,0.969
best vr on the market reddit,Best Vr,0.987
best vr options,Best Vr,0.998
best vr package,Best Vr,0.988
best vr park,Best Vr,0.966
best vr pc build,Best Vr,0.994
best vr pfp,Best Vr,0.961
best vr ph,Best Vr,0.999
best vr platform 2023,Best Vr,0.999
best vr price,Best Vr,0.966
best vr programs,Best Vr,0.976
best vr pvp,Best Vr,0.993
best vr quest,Best Vr,0.986
best vr reddit,Best Vr,0.971
best vr resolution,Best Vr,0.975
best vr rig,Best Vr,0.957
best vr rpg,Best Vr,0.988
best vr scenery,Best Vr,0.971
best vr sdk,Best Vr,0.978
best vr set,Best Vr,0.999
best vr set up,Best Vr,0.996
best vr sim games,Best Vr,0.96
best vr simulators,Best Vr,0.985
best vr so far,Best Vr,0.987
best vr steam,Best Vr,0.964
best vr sydney,Best Vr,0.967
best vr system 2023,Best Vr,0.982
best vr system for pc,Best Vr,0.979
best vr system reddit,Best Vr,0.962
best vr theater,Best Vr,0.958
best vr titles on steam,Best Vr,0.95
best vr titles pc,Best Vr,0.996
best vr to date,Best Vr,0.979
best vr tours,Best Vr,0.967
best vr tv,Best Vr,0.996
best vr unit,Best Vr,0.989
best vr uses,Best Vr,0.996
best vr vancouver,Best Vr,0.958
best vr vegas,Best Vr,0.958
best vr videos,Best Vr,0.994
best vr virtual desktop,Best Vr,0.977
best vr vs pc games,Best Vr,0.961
best vr walking,Best Vr,0.966
best vr with pc,Best Vr,0.971
best vr worlds,Best Vr,0.989
best vr xbox,Best Vr,0.975
best youtube virtual reality,Best Vr,0.967
best youtube vr,Best Vr,0.96
how to get the best vr experience,Best Vr,0.967
pc best vr games,Best Vr,0.981
pc best vr headset,Best Vr,0.954
the best vr game ever,Best Vr,0.993
the best vr games 2022,Best Vr,0.953
the best vr gaming system,Best Vr,0.968
the best vr headset,Best Vr,0.98
the best vr headset 2022,Best Vr,0.968
top 10 best vr games,Best Vr,0.971
top 3 best vr games,Best Vr,0.977
top 5 best vr games,Best Vr,0.996
virtual reality best places,Best Vr,0.954
what is the best vr game of all time,Best Vr,0.991
what is the best vr headset available,Best Vr,0.977
what is the best vr system on the market,Best Vr,0.993
which vr headset has best graphics,Best Vr,0.996
which vr is better,Best Vr,0.992
world's best vr game,Best Vr,0.979
your best vr experience reddit,Best Vr,0.95
10 best vr games,Best Vr,0.969
10 best vr headsets,Best Vr,0.961
5 best vr experiences,Best Vr,0.99
5 best vr headsets,Best Vr,0.983
7 best vr headsets,Best Vr,0.999
absolute best vr headset,Best Vr,0.964
best cinematic vr experience,Best Vr,0.955
best fun vr games,Best Vr,0.979
best high vr games,Best Vr,0.965
best iphone virtual reality,Best Vr,0.976
best las vegas vr,Best Vr,0.977
best microsoft vr games,Best Vr,0.999
best multiplayer vr games,Best Vr,0.956
best new vr experiences,Best Vr,0.984
best nintendo vr games,Best Vr,0.984
best oculus vr sdk,Best Vr,0.979
best overall vr headset,Best Vr,0.994
best pc only vr games,Best Vr,0.969
best pc vr games 2022,Best Vr,0.994
best pc vr games reddit,Best Vr,0.97
best pc vr setup,Best Vr,0.982
best personal vr system,Best Vr,0.97
best quality vr games,Best Vr,0.954
best uk vr experience,Best Vr,0.98
best valve vr games,Best Vr,0.98
best virtual reality graphics,Best Vr,0.974
best virtual reality new york,Best Vr,0.999
best virtual reality vegas,Best Vr,0.985
best vr 1 games,Best Vr,0.966
best vr 2022 uk,Best Vr,0.994
best vr 2023 pc,Best Vr,0.96
best vr 2 games,Best Vr,0.983
best vr accessories,Best Vr,0.975
best vr adelaide,Best Vr,0.997
best vr all in one,Best Vr,0.992
best vr anime,Best Vr,0.998
best vr apps 2023,Best Vr,0.994
best vr bike,Best Vr,1.0
best vr black friday,Best Vr,0.963
best vrbo,Best Vr,0.955
best vr bowling,Best Vr,0.951
best vr bundle,Best Vr,0.961
best vr camera 2022,Best Vr,0.955
best vr campaigns,Best Vr,0.951
best vr card,Best Vr,0.988
best vr chair,Best Vr,0.998
best vr chicago,Best Vr,0.982
best vr computer,Best Vr,0.989
best vr console 2023,Best Vr,0.998
best vr cycling,Best Vr,0.952
best vr dallas,Best Vr,0.951
best vr deals,Best Vr,0.988
best vr demos,Best Vr,0.989
best vr desktop,Best Vr,0.96
best vr display,Best Vr,0.964
best vr documentaries,Best Vr,0.958
best vr downloads,Best Vr,0.957
best vr drone,Best Vr,0.99
best vr education,Best Vr,0.966
best vr elite dangerous,Best Vr,0.994
best vr emulator,Best Vr,0.994
best vr equipment for pc,Best Vr,0.962
best vr examples,Best Vr,0.953
best vr experiences near me,Best Vr,0.985
best vr eye tracking,Best Vr,0.985
best vr fbt,Best Vr,0.972
best vr for blender,Best Vr,0.97
best vr for high end pc,Best Vr,0.985
best vr for iphone,Best Vr,0.962
best vr for kids,Best Vr,0.989
best vr for nms,Best Vr,0.972
best vr for tv,Best Vr,0.982
best vr for xbox 1,Best Vr,0.956
best vr for xbox one,Best Vr,0.958
best vr fps 2023,Best Vr,0.97
best vr fps game,Best Vr,0.982
best vr fps games pc,Best Vr,0.98
best vr free games,Best Vr,0.983
best vr future games,Best Vr,0.958
best vr game ever made,Best Vr,0.999
best vr game ever reddit,Best Vr,0.997
best vr game of the year,Best Vr,0.951
best vr games 2023,Best Vr,0.973
best vr games alyx,Best Vr,0.999
best vr games free,Best Vr,0.967
best vr games htc vive,Best Vr,0.978
best vr games htc vive pro,Best Vr,0.987
best vr games of all time reddit,Best Vr,0.986
best vr games on steam,Best Vr,0.972
best vr games smartphone,Best Vr,0.957
best vr gaming center,Best Vr,0.986
best vr gear 2023,Best Vr,0.995
best vr gear for pc,Best Vr,1.0
best vr gifts,Best Vr,0.959
best vr glasses,Best Vr,0.97
best vr golf,Best Vr,0.974
best vr gpu,Best Vr,0.983
best vr graphics 2022,Best Vr,0.977
best vr hardware 2023,Best Vr,0.979
best vr headset 2022 uk,Best Vr,0.963
best vr headset 2023,Best Vr,0.964
best vr headset australia reddit,Best Vr,0.954
best vr headset high end,Best Vr,0.991
best vr headset now,Best Vr,0.989
best vr headset reddit,Best Vr,0.956
best vr headset uk,Best Vr,0.958
best vr headset usa,Best Vr,0.995
best vr hong kong,Best Vr,0.958
best vr immersive games,Best Vr,0.984
best vr in hk,Best Vr,0.981
best vr in las vegas,Best Vr,0.96
best vr in london,Best Vr,0.988
best vr in new york,Best Vr,0.975
best vr iphone,Best Vr,0.999
best vr iracing,Best Vr,0.969
best vr japan,Best Vr,0.962
best vr kart racing,Best Vr,0.964
best vr kit 2022,Best Vr,0.953
best vr kit 2023,Best Vr,0.98
best vr laptop,Best Vr,0.956
best vr library,Best Vr,0.994
best vr locomotion,Best Vr,0.983
best vr los angeles,Best Vr,0.976
best vr manchester,Best Vr,0.998
best vr milsim,Best Vr,0.985
best vr mmorpg,Best Vr,0.978
best vr mods,Best Vr,0.987
best vr moments,Best Vr,0.982
best vr movies,Best Vr,0.97
best vr msfs,Best Vr,0.962
best vr multiplayer games,Best Vr,0.995
best vr names,Best Vr,0.96
best vr netflix,Best Vr,0.976
best vr new york,Best Vr,0.952
best vr nintendo switch,Best Vr,0.953
best vr non games,Best Vr,0.965
best vr oculus quest 2,Best Vr,0.978
best vr of 2023,Best Vr,0.991
best vr only games,Best Vr,0.97
best vr on ps5,Best Vr,0.985
best vr operating system,Best Vr,0.972
best vr optics,Best Vr,0.957
best vr options 2023,Best Vr,0.973
best vr out right now,Best Vr,0.964
best vr pc games 2022,Best Vr,0.991
best vr pc headset,Best Vr,0.968
best vr pc reddit,Best Vr,0.998
best vr pc setup,Best Vr,0.994
best vr perth,Best Vr,0.982
best vr player for pc,Best Vr,0.987
best vr player reddit,Best Vr,0.961
best vr playstation games,Best Vr,0.985
best vr podcasts,Best Vr,0.95
best vr ports,Best Vr,0.988
best vr ps4 games,Best Vr,0.977
best vr ps5,Best Vr,0.953
best vr purchase,Best Vr,0.997
best vr purchase reddit,Best Vr,0.995
best vr quality video,Best Vr,0.973
best vr rift games,Best Vr,0.978
best vr samples,Best Vr,0.989
best vr scenes,Best Vr,0.966
best vr screen,Best Vr,0.968
best vr sculpting,Best Vr,0.961
best vr set up 2022,Best Vr,0.961
best vr shooter,Best Vr,0.96
best vr shooters,Best Vr,0.972
best vr sim racing,Best Vr,0.959
best vr simulation games,Best Vr,0.975
best vr simulation games reddit,Best Vr,0.973
best vr singapore,Best Vr,0.978
best vr skins,Best Vr,0.959
best vr smartphone,Best Vr,0.959
best vr software for pc,Best Vr,0.983
best vr space experience,Best Vr,0.995
best vr steam games,Best Vr,0.985
best vr stocks,Best Vr,0.982
best vr system 2023 reddit,Best Vr,0.964
best vr system on the market,Best Vr,0.96
best vr tennis,Best Vr,0.977
best vr things to do,Best Vr,0.972
best vr things to watch,Best Vr,0.997
best vr titles reddit,Best Vr,0.976
best vr to buy 2023,Best Vr,0.964
best vr to get 2023,Best Vr,0.995
best vr tools,Best Vr,0.975
best vr tracking,Best Vr,0.983
best vr travel experiences,Best Vr,0.953
best vr tv shows,Best Vr,0.966
best vr ui,Best Vr,0.993
best vr under 100,Best Vr,0.986
best vr vacations,Best Vr,0.963
best vr videos reddit,Best Vr,0.952
best vr web experiences,Best Vr,0.976
best vr website games,Best Vr,0.953
best vr when high,Best Vr,0.954
best vr with controller,Best Vr,0.998
best vr worlds in vrchat,Best Vr,0.968
best vr xbox games,Best Vr,0.974
best vr yoga,Best Vr,0.988
best vr youtubers,Best Vr,0.97
best vr youtube videos,Best Vr,0.972
best vr zombie,Best Vr,0.962
be your best vr review,Best Vr,0.974
hd best vr video,Best Vr,0.963
highest quality vr games,Best Vr,0.984
most beautiful vr experience,Best Vr,0.965
new best vr games,Best Vr,0.966
new best vr headset,Best Vr,0.973
playstation 4 best vr games,Best Vr,0.969
ps best vr games,Best Vr,0.975
the best vr games 2023,Best Vr,0.975
the best vr games for ps4,Best Vr,0.996
the best vr headset 2023,Best Vr,0.968
the best vr headset for pc,Best Vr,0.979
the best vr headset in the world,Best Vr,0.971
top 3 best vr headset,Best Vr,0.978
top 3 vr,Best Vr,0.965
top 5 best vr headsets 2022,Best Vr,0.974
top best free vr games,Best Vr,0.966
very best vr headset,Best Vr,0.967
vrchat best vr headset,Best Vr,0.984
what are the best oculus vr games,Best Vr,0.975
what are the top 10 best vr games,Best Vr,0.962
what is the best oculus vr to buy,Best Vr,0.999
what is the best rated vr game,Best Vr,0.959
what is the best vr shooter,Best Vr,0.952
what is the most realistic vr,Best Vr,0.98
what's the best vr headset on the market,Best Vr,0.954
which is the best vr headset to buy,Best Vr,0.989
which vr headset is the best for pc,Best Vr,0.994
who is the best vr master,Best Vr,0.961
youtube best vr games,Best Vr,0.995
youtube best vr videos,Best Vr,0.971
acc best vr settings,Best Vr,0.962
best 3d vr camera,Best Vr,0.978
best aaa vr games pc,Best Vr,0.987
best active vr games,Best Vr,0.988
best active vr games reddit,Best Vr,0.951
best aio vr,Best Vr,0.952
best ar vr games,Best Vr,0.967
best ar vr headset,Best Vr,0.956
best box vr game,Best Vr,0.985
best buy vr,Best Vr,0.96
best buy vr games,Best Vr,0.954
best co op vr games oculus,Best Vr,0.994
best current vr games,Best Vr,0.969
best current vr headset reddit,Best Vr,0.978
best cyberpunk vr mod,Best Vr,0.954
best dinosaur vr,Best Vr,0.985
best educational vr oculus,Best Vr,0.962
best egypt vr,Best Vr,0.969
best entry vr headset,Best Vr,0.956
best free vr games,Best Vr,0.959
best hd vr headset,Best Vr,0.955
best immersive vr videos,Best Vr,0.973
best ios vr game,Best Vr,0.976
best lightweight vr,Best Vr,0.96
best looking vr games reddit,Best Vr,0.984
best minecraft vr games,Best Vr,0.991
best movies about vr,Best Vr,0.982
best new vr games,Best Vr,0.984
best new vr games oculus,Best Vr,0.972
best new vr games reddit,Best Vr,0.962
best new vr headset,Best Vr,0.988
best pc vr headset reddit,Best Vr,0.955
best performance vr headset,Best Vr,0.967
best ps vr2,Best Vr,0.976
best psvr games,Best Vr,0.955
best psvr games reddit,Best Vr,0.999
best quality vr headset,Best Vr,0.989
best quality vr videos,Best Vr,0.985
best samsung vr games,Best Vr,0.958
best skyrim vr wabbajack,Best Vr,0.987
best travel vr games,Best Vr,0.96
best uk vr headset,Best Vr,0.952
best used vr headset,Best Vr,0.993
best virtual reality bike,Best Vr,0.955
best virtual reality cycling,Best Vr,0.974
best virtual reality headsets available now,Best Vr,0.985
best virtual reality home equipment,Best Vr,0.952
best virtual reality perth,Best Vr,0.952
best virtual reality web browser,Best Vr,0.998
best vorpx vr games,Best Vr,0.971
best vr 1st person shooter,Best Vr,0.959
best vr 2023 games,Best Vr,0.973
best vr 2023 reddit,Best Vr,0.998
best vr 360 camera,Best Vr,0.976
best vr 360 videos,Best Vr,0.992
best vr 3d camera,Best Vr,0.963
best vr 3d videos,Best Vr,0.982
best vr aaa games,Best Vr,0.951
best vr action games,Best Vr,0.977
best vr addons,Best Vr,0.978
best vr adventure games,Best Vr,0.965
best vr amsterdam,Best Vr,0.964
best vr android games,Best Vr,0.993
best vr animation oculus quest 2,Best Vr,0.959
best vr anime games,Best Vr,0.962
best vr anime shows,Best Vr,0.993
best vr apps oculus,Best Vr,0.986
best vr arcade games,Best Vr,0.967
best vr arcade near me,Best Vr,0.996
best vr ar headset,Best Vr,0.961
best vr avatar creator,Best Vr,0.993
best vr avatar worlds,Best Vr,0.987
best vr backrooms game,Best Vr,0.96
best vr baseball,Best Vr,0.979
best vr battle royale,Best Vr,0.998
best vr birmingham,Best Vr,0.95
best vr boxing,Best Vr,0.962
best vr browser,Best Vr,0.991
best vr building games,Best Vr,0.959
best vr cable,Best Vr,0.995
best vr cardboard games,Best Vr,0.972
best vr cardio,Best Vr,0.96
best vr car games,Best Vr,0.965
best vr centers,Best Vr,0.954
best vr city tours,Best Vr,0.985
best vr controllers,Best Vr,0.954
best vr co op games,Best Vr,0.967
best vr coop games,Best Vr,0.95
best vr cpu,Best Vr,0.974
best vr dating,Best Vr,0.981
best vr dcs,Best Vr,0.996
best vr desktop app,Best Vr,0.969
best vr driving game pc,Best Vr,0.979
best vr drone simulator,Best Vr,1.0
best vr etf,Best Vr,0.984
best vr experience in dubai,Best Vr,0.964
best vr fantasy games,Best Vr,0.973
best vr first person shooter,Best Vr,0.957
best vr flight simulator,Best Vr,0.971
best vr flight simulator pc,Best Vr,0.959
best vr flying games reddit,Best Vr,0.96
best vr for beat saber,Best Vr,0.957
best vr for cell,Best Vr,0.976
best vr for elderly,Best Vr,0.971
best vr for flight simulator,Best Vr,0.99
best vr for fs2020,Best Vr,0.968
best vr for iracing,Best Vr,0.985
best vr for iracing 2022,Best Vr,0.974
best vr for msfs 2020 reddit,Best Vr,0.974
best vr for nintendo switch,Best Vr,0.991
best vr for older adults,Best Vr,0.979
best vr for ps5,Best Vr,0.973
best vr for senior citizens,Best Vr,0.992
best vr for sim racing,Best Vr,0.955
best vr for star citizen,Best Vr,0.987
best vr for vtol vr,Best Vr,0.987
best vr for xbox series x,Best Vr,0.952
best vr fps games 2023,Best Vr,0.998
best vr fps games reddit,Best Vr,0.97
best vr fps multiplayer,Best Vr,0.974
best vr fps reddit,Best Vr,0.95
best vr fps shooter,Best Vr,0.964
best vr free games oculus,Best Vr,0.958
best vr game awards,Best Vr,0.955
best vr game ideas,Best Vr,0.989
best vr game of the year 2022,Best Vr,0.982
best vr games for new players,Best Vr,0.951
best vr games in dubai,Best Vr,0.979
best vr games oculus quest 2,Best Vr,0.997
best vr games on roblox,Best Vr,0.966
best vr glasses 2023,Best Vr,0.954
best vr goggles,Best Vr,0.99
best vr goggles 2023,Best Vr,0.998
best vr gpu 2022,Best Vr,0.981
best vr gpus,Best Vr,0.986
best vr graphics headset,Best Vr,0.958
best vr gunplay,Best Vr,0.986
best vr guns,Best Vr,0.998
best vr haptics,Best Vr,0.988
best vr headset 2022 xbox,Best Vr,0.998
best vr headset 2023 uk,Best Vr,0.977
best vr headset alone,Best Vr,0.963
best vr headset black friday,Best Vr,0.967
best vr headset ces 2023,Best Vr,0.957
best vr headset cnet,Best Vr,0.982
best vr headset ever,Best Vr,0.959
best vr headset ever made,Best Vr,0.973
best vr headset for pc,Best Vr,0.968
best vr headset for vr videos,Best Vr,0.973
best vr headset highest resolution,Best Vr,0.972
best vr headset ireland,Best Vr,0.957
best vr headset nz,Best Vr,0.958
best vr headset rtings,Best Vr,0.953
best vr headset xbox one,Best Vr,0.971
best vr hidden gems,Best Vr,0.991
best vr home system,Best Vr,0.951
best vr horror games,Best Vr,0.967
best vr horror games reddit,Best Vr,0.976
best vr hunting game reddit,Best Vr,0.99
best vr il2,Best Vr,0.993
best vr image quality,Best Vr,0.953
best vr in chicago,Best Vr,0.952
best vr in dallas,Best Vr,0.964
best vr in seattle,Best Vr,0.994
best vr in tokyo,Best Vr,0.995
best vr in toronto,Best Vr,0.959
best vr ios apps,Best Vr,0.985
best vr ios games,Best Vr,0.99
best vr iphone games,Best Vr,0.961
best vr kit for pc,Best Vr,0.998
best vr kit reddit,Best Vr,0.969
best vr landscapes,Best Vr,0.965
best vr london reddit,Best Vr,0.973
best vr magic games,Best Vr,0.998
best vr manga,Best Vr,0.983
best vr mississauga,Best Vr,0.994
best vr mmo games,Best Vr,0.991
best vr mmo reddit,Best Vr,0.971
best vr mobile games,Best Vr,0.986
best vr mods reddit,Best Vr,0.973
best vr msfs 2020,Best Vr,0.994
best vr multiplayer games reddit,Best Vr,0.999
best vr nature experience,Best Vr,0.973
best vr news site,Best Vr,0.973
best vr novels reddit,Best Vr,0.999
best vr ocean experience,Best Vr,0.958
best vr oculus 2 games,Best Vr,0.953
best vr oculus games 2023,Best Vr,0.986
best vr park dubai,Best Vr,0.975
best vr passthrough,Best Vr,0.983
best vr pc headset 2023,Best Vr,0.972
best vr pc mods,Best Vr,0.956
best vr pc racing games,Best Vr,0.983
best vr peripherals,Best Vr,0.956
best vr phone games,Best Vr,0.975
best vr physics games,Best Vr,0.978
best vr picture quality,Best Vr,0.969
best vr pinball,Best Vr,0.972
best vr ping pong,Best Vr,0.983
best vr places near me,Best Vr,0.999
best vr player android,Best Vr,0.966
best vr playstation 4 games,Best Vr,0.976
best vr playstation 5 games,Best Vr,0.954
best vr pokemon games,Best Vr,0.958
best vr ps4 games free,Best Vr,0.973
best vr ps5 games,Best Vr,0.981
best vr public speaking,Best Vr,0.991
best vr pvp games,Best Vr,0.98
best vr quest 2,Best Vr,0.956
best vr racing game,Best Vr,0.952
best vr racing game reddit,Best Vr,0.978
best vr racing headset,Best Vr,0.993
best vr ready pc,Best Vr,0.969
best vr rifle,Best Vr,0.955
best vr rig 2023,Best Vr,0.964
best vr roblox games,Best Vr,0.971
best vr rpg 2023,Best Vr,0.984
best vr rpg games,Best Vr,0.976
best vr rpg reddit,Best Vr,0.987
best vr rts,Best Vr,0.962
best vr sandbox,Best Vr,0.986
best vr sci fi games,Best Vr,0.964
best vr screen resolution,Best Vr,0.992
best vr set 2023,Best Vr,0.977
best vr set for vrchat,Best Vr,0.987
best vr setup for pc,Best Vr,0.964
best vr setup reddit,Best Vr,0.988
best vr shooter 2023,Best Vr,0.969
best vr shooter reddit,Best Vr,0.998
best vr shooters on steam,Best Vr,0.992
best vr shooters pc,Best Vr,0.965
best vr sites for oculus,Best Vr,0.96
best vr skateboard,Best Vr,0.98
best vr space games,Best Vr,0.984
best vr space sim,Best Vr,0.967
best vr space simulator,Best Vr,0.976
best vr sports games,Best Vr,0.998
best vr stocks 2023,Best Vr,0.991
best vr suit,Best Vr,0.962
best vr sunglasses,Best Vr,0.966
best vr supported games,Best Vr,0.981
best vr switch games,Best Vr,0.992
best vr system to buy,Best Vr,0.963
best vr team games,Best Vr,0.985
best vr tech demos,Best Vr,0.979
best vr titles 2023,Best Vr,0.987
best vr to buy right now,Best Vr,0.951
best vr to use with pc,Best Vr,0.954
best vr to watch movies,Best Vr,0.991
best vr trackers,Best Vr,0.992
best vr travel experiences 2023,Best Vr,0.984
best vr under 1000,Best Vr,0.995
best vr under 10000,Best Vr,0.976
best vr under 1500,Best Vr,0.997
best vr under 200,Best Vr,0.977
best vr under 2000,Best Vr,0.977
best vr under 300,Best Vr,0.994
best vr under 3000,Best Vr,0.986
best vr under 500,Best Vr,0.961
best vr under 5000,Best Vr,0.99
best vr upcoming games,Best Vr,0.97
best vr vest,Best Vr,0.961
best vr video card,Best Vr,0.959
best vr video player,Best Vr,0.959
best vr videos download,Best Vr,0.999
best vr volleyball games,Best Vr,0.972
best vr web apps,Best Vr,0.992
best vr websites 2023,Best Vr,0.974
best vr with eye tracking,Best Vr,0.955
best vr youtube channels,Best Vr,0.962
be your best vr download,Best Vr,0.98
be your best vr reddit,Best Vr,0.962
current best vr headsets,Best Vr,0.982
kotaku best vr games,Best Vr,0.956
next best vr headset,Best Vr,0.974
oculus quest 2 best vr experiences,Best Vr,0.962
pc best vr headset 2023,Best Vr,0.962
playstation 5 best vr games,Best Vr,0.971
ranking vr games,Best Vr,0.981
strongest vr headset,Best Vr,0.959
the best vr games for free,Best Vr,1.0
the best vr games oculus quest 2,Best Vr,0.993
the best vr games on roblox,Best Vr,0.975
the best vr horror games,Best Vr,0.972
top 3 vr games,Best Vr,0.999
top 3 vr headsets,Best Vr,0.981
top 5 vr games,Best Vr,0.964
top rated vr system,Best Vr,0.992
top vr titles,Best Vr,0.99
virtual reality best blogs,Best Vr,0.967
vr experience,Best Vr,0.992
what are the best vr stocks,Best Vr,0.97
what is the best vr graphics card,Best Vr,0.994
what is the most advanced vr,Best Vr,0.996
what is the most realistic vr headset,Best Vr,0.993
xbox best vr games,Best Vr,0.967
youtube best vr headset,Best Vr,0.991
best 10$ vr games,Best Vr,0.971
best 1v1 vr games,Best Vr,0.964
best 2 player vr games,Best Vr,0.96
best 3 player vr games,Best Vr,0.974
best acc vr settings,Best Vr,0.95
best all in one vr headset,Best Vr,0.997
best all in one vr headset 2023,Best Vr,0.955
best all in one vr system,Best Vr,0.98
best amd for vr,Best Vr,0.955
best ar vr apps,Best Vr,0.991
best ar vr companies,Best Vr,0.993
best asymmetrical vr games,Best Vr,0.967
best bluetooth vr headset,Best Vr,0.97
best books about vr,Best Vr,0.968
best class zenith vr,Best Vr,0.957
best co op vr games,Best Vr,0.952
best co op vr games reddit,Best Vr,0.965
best co op vr games steam,Best Vr,0.987
best cyberpunk vr games,Best Vr,0.959
best d&d vr game,Best Vr,0.961
best dinosaur vr experience,Best Vr,0.976
best dji drone vr,Best Vr,0.956
best dolphin vr games,Best Vr,0.956
best duo vr games,Best Vr,0.975
best easy vr games,Best Vr,0.987
best ebay vr headset,Best Vr,0.978
best economic virtual reality,Best Vr,0.953
best educational vr experiences,Best Vr,0.975
best enthusiast vr headset,Best Vr,0.972
beste vr bril,Best Vr,0.985
best f1 vr game,Best Vr,0.992
best free vr games on steam,Best Vr,0.99
best free vr rpg,Best Vr,0.98
best funny vr games,Best Vr,0.973
best girl vr games,Best Vr,0.973
best historical vr games,Best Vr,0.983
best htc vr headset,Best Vr,0.998
best immersive vr headset,Best Vr,0.982
best ios vr headset,Best Vr,0.965
best ios vr player,Best Vr,0.961
best iphone vr headset reddit,Best Vr,0.973
best iphone vr player,Best Vr,0.953
best japanese vr games,Best Vr,0.994
best kid vr games oculus,Best Vr,0.967
best live vr chat,Best Vr,0.963
best looking vr games,Best Vr,0.963
best looking vr headset,Best Vr,0.977
best mac vr games,Best Vr,0.951
best new vr games on steam,Best Vr,0.957
best new vr headset 2023,Best Vr,0.954
best new vr headsets 2022,Best Vr,0.965
best no pc vr headset,Best Vr,0.977
best pc only vr headset,Best Vr,0.958
best pc vr mods,Best Vr,0.967
best pc vr racing games,Best Vr,0.967
best phone vr headset 2022,Best Vr,0.995
best portable vr headset 2022,Best Vr,0.987
best ps4 vr games 2023,Best Vr,0.999
best ps5 vr 2 games,Best Vr,0.97
best psvr2 games reddit,Best Vr,0.972
best ps vr games 2022,Best Vr,0.991
best psvr games 2023,Best Vr,0.997
best pve vr games,Best Vr,0.953
best quality vr box,Best Vr,0.969
best quality vr headset 2023,Best Vr,0.986
best resident evil vr game,Best Vr,0.979
best samsung vr headset,Best Vr,0.987
best smartphone vr headset,Best Vr,0.992
best smartphone vr headset 2022,Best Vr,0.985
best smartphone vr headset 2023,Best Vr,0.979
best smartphone vr headset reddit,Best Vr,0.975
best star wars vr games,Best Vr,0.96
best star wars vr games reddit,Best Vr,0.967
best steam vr environments,Best Vr,0.98
best upcoming vr games reddit,Best Vr,0.992
best upcoming vr headset,Best Vr,0.981
best upcoming vr headset 2022,Best Vr,0.975
best value vr headset,Best Vr,0.977
best value vr headset 2023,Best Vr,0.982
best value vr headset reddit,Best Vr,0.994
best valve vr headset,Best Vr,0.962
best virtual reality etf,Best Vr,0.977
best virtual reality headset ever,Best Vr,0.997
best virtual reality phone,Best Vr,0.97
best virtual reality phone app,Best Vr,0.979
best vr 2023 headset,Best Vr,1.0
best vr 2 player games,Best Vr,0.962
best vr 2 shooter,Best Vr,0.953
best vr 360 movies,Best Vr,0.951
best vr 360 videos free download,Best Vr,0.99
best vr 3d modeling software,Best Vr,0.985
best vr 3d movies,Best Vr,0.978
best vr adventure games 2023,Best Vr,0.979
best vr aim games,Best Vr,0.994
best vr and pc roblox games,Best Vr,0.987
best vr android apps,Best Vr,0.954
best vr apps for android,Best Vr,0.992
best vr apps for iphone,Best Vr,0.988
best vr apps quest 2,Best Vr,0.997
best vr apps reddit,Best Vr,0.958
best vr arcade shooter,Best Vr,0.962
best vr art games,Best Vr,0.968
best vr assetto corsa,Best Vr,0.987
best vr base stations,Best Vr,0.952
best vr basketball game,Best Vr,0.956
best vr basketball game reddit,Best Vr,0.956
best vr black friday deals,Best Vr,0.999
best vr board games,Best Vr,0.971
best vr body tracking,Best Vr,0.967
best vr bowling game reddit,Best Vr,0.977
best vr brille,Best Vr,0.984
best vr brille 2023,Best Vr,0.982
best vr browser games,Best Vr,0.979
best vr chat avatars,Best Vr,0.968
best vr chat games,Best Vr,0.992
best vr chat headset,Best Vr,0.996
best vr chat worlds,Best Vr,0.963
best vr clips,Best Vr,0.997
best vr clubs,Best Vr,0.973
best vr combat games,Best Vr,0.974
best vr concerts,Best Vr,0.962
best vr co op games reddit,Best Vr,0.956
best vr co op shooter,Best Vr,0.962
best vr creation software,Best Vr,0.951
best vr cross platform games,Best Vr,0.987
best vr crypto projects,Best Vr,0.975
best vr development platform,Best Vr,1.0
best vr dev kit,Best Vr,0.972
best vr dragon dragon city,Best Vr,0.966
best vr dragon in dragon city,Best Vr,0.978
best vr driving game,Best Vr,0.985
best vr driving game reddit,Best Vr,0.971
best vr drones 2023,Best Vr,0.968
best vr educational games,Best Vr,0.995
best vr educational software,Best Vr,0.954
best vr escape games,Best Vr,0.999
best vr exercise games,Best Vr,0.963
best vr exercise games 2023,Best Vr,0.985
best vr exercise games reddit,Best Vr,0.996
best vr experience amsterdam,Best Vr,0.97
best vr experiences quest 2,Best Vr,0.992
best vr exploration games,Best Vr,0.994
best vr eye tracker,Best Vr,0.995
best vr fighting games reddit,Best Vr,0.982
best vr first person shooter 2022,Best Vr,0.976
best vr fitness equipment,Best Vr,0.987
best vr flight sim reddit,Best Vr,0.986
best vr flying games,Best Vr,0.996
best vr for alyx,Best Vr,0.974
best vr for autism,Best Vr,0.998
best vr for dcs,Best Vr,0.997
best vr for dcs reddit,Best Vr,0.993
best vr for enscape,Best Vr,0.953
best vr for google earth,Best Vr,0.967
best vr for iphone 12,Best Vr,0.999
best vr for iphone 12 pro max,Best Vr,0.953
best vr for iphone 13 pro,Best Vr,0.995
best vr for iphone 14 pro max,Best Vr,0.954
best vr for iphone xr,Best Vr,0.982
best vr for iracing reddit,Best Vr,0.987
best vr for msfs 2020,Best Vr,0.966
best vr for msfs 2023,Best Vr,0.985
best vr for non gamers,Best Vr,0.992
best vr for ps5 uk,Best Vr,0.974
best vr for small room,Best Vr,0.963
best vr for star wars squadrons,Best Vr,0.952
best vr for war thunder,Best Vr,0.983
best vr for watching movies,Best Vr,0.959
best vr fps single player,Best Vr,0.958
best vr free apps,Best Vr,0.964
best vr free games reddit,Best Vr,0.976
best vr free roam games,Best Vr,0.993
best vr full body tracking,Best Vr,0.965
best vr full body tracking 2022,Best Vr,0.976
best vr full body tracking 2023,Best Vr,0.973
best vr games download for android,Best Vr,0.981
best vr games for htc vive cosmos,Best Vr,0.975
best vr games for kids,Best Vr,0.952
best vr games for xbox series x,Best Vr,0.996
best vr games on xbox game pass,Best Vr,0.959
best vr games quest 2,Best Vr,0.99
best vr games quest two,Best Vr,0.968
best vr games when high,Best Vr,0.958
best vr game with friends,Best Vr,0.995
best vr girlfriend simulator,Best Vr,0.992
best vr golf club,Best Vr,0.977
best vr golf game,Best Vr,0.992
best vr golf game reddit,Best Vr,0.953
best vr gpu reddit,Best Vr,0.99
best vr graphics card,Best Vr,0.999
best vr graphics card 2022,Best Vr,0.98
best vr group games,Best Vr,0.988
best vr gun games,Best Vr,0.98
best vr gun simulator,Best Vr,0.999
best vr hangout games,Best Vr,0.971
best vr haptic suit,Best Vr,0.958
best vr headset 2023 xbox,Best Vr,0.973
best vr headset 2024,Best Vr,0.973
best vr headset amazon,Best Vr,0.975
best vr headset available in india,Best Vr,0.997
best vr headset for blender,Best Vr,0.959
best vr headset for sim racing,Best Vr,0.991
best vr headset for tv,Best Vr,0.963
best vr headset for vrchat,Best Vr,0.961
best vr headset for vr movies,Best Vr,1.0
best vr headset for xbox one,Best Vr,0.967
best vr headset for your phone,Best Vr,0.992
best vr headset full body tracking,Best Vr,0.963
best vr headset in japan,Best Vr,0.975
best vr headset south africa,Best Vr,0.974
best vr hockey game,Best Vr,0.958
best vr horror games 2023,Best Vr,0.994
best vr horror reddit,Best Vr,0.966
best vr hunting game,Best Vr,0.993
best vr immersive movies,Best Vr,0.974
best vr in dfw,Best Vr,0.956
best vr in edmonton,Best Vr,0.983
best vr iphone headset,Best Vr,0.992
best vr jump scares,Best Vr,0.983
best vr keyboard,Best Vr,0.99
best vr kid games,Best Vr,0.965
best vr killing games,Best Vr,0.963
best vr land wem,Best Vr,0.998
best vr language learning,Best Vr,0.959
best vr laptop reddit,Best Vr,0.981
best vr laptops 2023,Best Vr,0.975
best vr learning games,Best Vr,0.953
best vr lenses,Best Vr,0.985
best vr lightsaber game,Best Vr,0.988
best vr manhwa,Best Vr,0.953
best vr master for attack,Best Vr,0.991
best vr mech game,Best Vr,0.963
best vr media player,Best Vr,0.994
best vr melee games,Best Vr,0.999
best vr mic,Best Vr,0.99
best vr microphone,Best Vr,0.997
best vr military games,Best Vr,0.995
best vr military shooter,Best Vr,0.998
best vr mini games,Best Vr,0.988
best vr mini golf,Best Vr,0.979
best vr mmorpg 2023,Best Vr,0.995
best vr mmorpg reddit,Best Vr,0.951
best vr movie app,Best Vr,0.955
best vr movies download,Best Vr,0.956
best vr multiplayer games 2023,Best Vr,0.973
best vr multiplayer shooter,Best Vr,0.956
best vr museum tours,Best Vr,0.971
best vr music videos,Best Vr,0.985
best vr nfl game,Best Vr,0.996
best vr nintendo switch games,Best Vr,0.963
best vr oculus multiplayer games,Best Vr,0.963
best vr oculus quest 2 games,Best Vr,0.982
best vr online shooter,Best Vr,0.996
best vr open world games,Best Vr,0.952
best vr overlay,Best Vr,0.96
best vr party games,Best Vr,0.99
best vr party games reddit,Best Vr,0.996
best vr pc configuration,Best Vr,0.962
best vr pc crossplay games,Best Vr,0.962
best vr pc for oculus quest 2,Best Vr,0.975
best vr pet games,Best Vr,0.961
best vr phone apps,Best Vr,0.951
best vr phone headset,Best Vr,0.979
best vr pilot games,Best Vr,0.995
best vr pinball game,Best Vr,0.967
best vr pirate game,Best Vr,0.958
best vr places in vegas,Best Vr,0.96
best vr plane games,Best Vr,0.985
best vr player android reddit,Best Vr,0.969
best vr player for windows,Best Vr,0.95
best vr processor,Best Vr,0.982
best vr ps4 games 2022,Best Vr,0.988
best vr puzzle games,Best Vr,0.953
best vr puzzle games reddit,Best Vr,0.993
best vr pvp shooter,Best Vr,0.978
best vr quest games,Best Vr,0.981
best vr racing games 2023,Best Vr,0.964
best vr racing games on steam,Best Vr,0.983
best vr racing setup,Best Vr,0.991
best vr racing sim reddit,Best Vr,0.984
best vr rec room games,Best Vr,0.981
best vr roblox shooter,Best Vr,0.971
best vr roguelike,Best Vr,0.96
best vr roller coaster apps,Best Vr,0.973
best vr room setup,Best Vr,0.973
best vr router,Best Vr,0.986
best vr rpg games 2023,Best Vr,0.975
best vr rpgs 2022,Best Vr,0.98
best vr rts games,Best Vr,0.971
best vr running platform,Best Vr,0.99
best vr scary games,Best Vr,0.977
best vr set for steam,Best Vr,0.967
best vr shooters free,Best Vr,0.982
best vr shooting range,Best Vr,0.956
best vr sim racing game,Best Vr,0.952
best vr single player games,Best Vr,0.987
best vr single player shooter,Best Vr,0.962
best vr sit down games,Best Vr,0.991
best vr sniper game,Best Vr,0.999
best vr snooker game,Best Vr,0.988
best vr social games,Best Vr,0.961
best vr sports games 2023,Best Vr,0.952
best vr sports games reddit,Best Vr,0.984
best vr spy games,Best Vr,0.981
best vr star wars game,Best Vr,0.962
best vr star wars games,Best Vr,0.986
best vr steering wheel,Best Vr,0.97
best vr story games,Best Vr,0.998
best vr streaming app,Best Vr,0.972
best vr supported steam games,Best Vr,0.956
best vr surgery games,Best Vr,0.965
best vr system for family,Best Vr,0.956
best vr tabletop games,Best Vr,0.955
best vr tactical shooter,Best Vr,0.997
best vr tank games,Best Vr,0.988
best vr tennis game reddit,Best Vr,0.987
best vr that doesn't need pc,Best Vr,0.968
best vr to use with steam,Best Vr,0.969
best vr travel apps,Best Vr,0.996
best vr treadmill,Best Vr,0.961
best vr under 600,Best Vr,0.972
best vr use cases,Best Vr,0.964
best vr usernames,Best Vr,0.99
best vr video player quest 2,Best Vr,0.975
best vr video player reddit,Best Vr,0.968
best vr walking platform,Best Vr,0.952
best vr war games,Best Vr,0.988
best vr web browser,Best Vr,0.979
best vr wireless headset,Best Vr,0.954
best vr with full body tracking,Best Vr,0.996
best vr without pc,Best Vr,0.982
best vr without phone,Best Vr,0.981
best vr wizard games,Best Vr,0.959
best vr workout system,Best Vr,0.988
best vr xplane,Best Vr,0.977
best vr youtube channels reddit,Best Vr,0.958
best vr youtube videos reddit,Best Vr,0.964
best vr zombie game oculus,Best Vr,0.993
best war vr games,Best Vr,0.99
best youtube vr channels,Best Vr,0.992
best youtube vr horror,Best Vr,0.952
best youtube vr videos 2022,Best Vr,0.959
best youtube vr videos reddit,Best Vr,0.991
be your best vr briller,Best Vr,0.979
current vr games,Best Vr,0.982
easiest vr headset to use,Best Vr,0.966
is valve index the best vr headset,Best Vr,0.973
is vr getting better,Best Vr,0.996
latest vr games,Best Vr,0.988
most realistic vr graphics,Best Vr,0.957
ps vr best buy,Best Vr,0.99
the best vr games for oculus quest 2,Best Vr,0.994
top 3 vr headsets 2022,Best Vr,0.968
top 3 vr headsets 2023,Best Vr,0.951
top 50 vr games,Best Vr,0.966
top 5 vr headsets,Best Vr,0.995
top 5 vr headsets 2022,Best Vr,0.951
top aaa vr games,Best Vr,0.969
top vr action games,Best Vr,0.972
top vr crypto,Best Vr,1.0
top vr titles 2022,Best Vr,0.971
vr best buy canada,Best Vr,0.977
vr best cad center,Best Vr,0.998
vr experiences,Best Vr,0.999
vr for pc,Best Vr,0.991
vr game,Best Vr,0.969
vr games,Best Vr,0.957
vr game ever,Best Vr,0.98
vr system,Best Vr,0.969
vr videos,Best Vr,0.958
what is best oculus to buy,Best Vr,0.966
what is the most advanced vr game,Best Vr,0.958
which is better oculus or psvr,Best Vr,0.993
ac best vr settings,Best Vr,0.787
ar or vr which is better,Best Vr,0.796
best 5$ vr games,Best Vr,0.819
best adventure vr games 2022,Best Vr,0.84
best aliexpress vr headset,Best Vr,0.822
best aot vr games,Best Vr,0.778
best ar vr certification,Best Vr,0.772
best ar vr courses,Best Vr,0.781
best ar vr glasses,Best Vr,0.837
best ar vr stocks,Best Vr,0.823
best bike vr games,Best Vr,0.78
best buy vr headset,Best Vr,0.817
best buy vr oculus,Best Vr,0.831
best buy vr set,Best Vr,0.811
best cheap vr headset uk,Best Vr,0.774
best clarity vr headset,Best Vr,0.807
best commercial vr headset,Best Vr,0.805
best co-op vr games 2022,Best Vr,0.779
best co-op vr games 2023,Best Vr,0.825
best cost effective vr headset,Best Vr,0.791
best cpu dcs vr,Best Vr,0.771
best echo vr player,Best Vr,0.82
best economical vr headset,Best Vr,0.778
best enterprise vr headset,Best Vr,0.808
beste vr brille,Best Vr,0.8
best fnaf vr games,Best Vr,0.772
best free vr games htc vive,Best Vr,0.764
best free vr games ios,Best Vr,0.775
best free vr horror games,Best Vr,0.772
best free vr rpg games,Best Vr,0.811
best history vr experiences,Best Vr,0.825
best iracing vr headset 2023,Best Vr,0.826
best linux vr headset,Best Vr,0.793
best mac vr headset,Best Vr,0.786
best new steam vr games,Best Vr,0.778
best nfl vr game,Best Vr,0.761
best oculus quest two vr games,Best Vr,0.775
best of vrbo,Best Vr,0.796
best oled vr headset,Best Vr,0.821
best pc for running vr,Best Vr,0.797
best pc vr games for quest 2,Best Vr,0.834
best places google earth vr,Best Vr,0.812
best plane in vtol vr,Best Vr,0.819
best portable vr headset,Best Vr,0.782
best portable vr headset 2023,Best Vr,0.77
best ps4 vr adventure games,Best Vr,0.768
best ps5 vr games 2023,Best Vr,0.837
best ps5 vr headset,Best Vr,0.797
best ps vr2 games,Best Vr,0.83
best psvr 2 games,Best Vr,0.826
best samurai vr games,Best Vr,0.794
best skyrim vr mods 2022,Best Vr,0.779
best skyrim vr mods 2023,Best Vr,0.834
best star wars vr games 2022,Best Vr,0.764
best things to do in vrchat,Best Vr,0.808
best thriller vr games,Best Vr,0.808
best travel vr apps,Best Vr,0.827
best travel vr headset,Best Vr,0.779
best upcoming vr games 2022,Best Vr,0.824
best upcoming vr headset 2023,Best Vr,0.765
best value vr gpu,Best Vr,0.83
best value vr headset uk,Best Vr,0.829
best virtual reality crypto coins,Best Vr,0.757
best virtual reality graduate programs,Best Vr,0.77
best virtual reality news sites,Best Vr,0.831
best vr 180 camera,Best Vr,0.821
best vr 180 videos,Best Vr,0.785
best vr 1 mods,Best Vr,0.813
best vr 2 horror games,Best Vr,0.797
best vr 360 horror video,Best Vr,0.837
best vr accessories quest 2,Best Vr,0.776
best vr accessories valve index,Best Vr,0.804
best vr aim controller games,Best Vr,0.786
best vr airplane games,Best Vr,0.801
best vr anatomy app,Best Vr,0.802
best vr and pc crossplay games,Best Vr,0.802
best vr app lab games,Best Vr,0.779
best vr apps for samsung,Best Vr,0.779
best vr archery game,Best Vr,0.821
best vr ar glasses,Best Vr,0.8
best vr at dave and busters,Best Vr,0.782
best vr aviation games,Best Vr,0.785
best vr baseball game,Best Vr,0.772
best vr baseball training,Best Vr,0.798
best vr battery pack,Best Vr,0.756
best vr bike trainer,Best Vr,0.816
best vr body trackers,Best Vr,0.814
best vr bowling game,Best Vr,0.808
best vr boxing game reddit,Best Vr,0.818
best vr box under 1000,Best Vr,0.752
best vr box under 2000,Best Vr,0.838
best vr browser android,Best Vr,0.825
best vr business ideas,Best Vr,0.764
best vr campaign games,Best Vr,0.758
best vr card games,Best Vr,0.771
best vr cardio games,Best Vr,0.789
best vr chat avatar worlds,Best Vr,0.821
best vrchat horror games,Best Vr,0.77
best vr chess game,Best Vr,0.834
best vr cinema app,Best Vr,0.788
best vr cinema app oculus,Best Vr,0.821
best vr clay shooting,Best Vr,0.819
best vr compatible roblox games,Best Vr,0.787
best vr co op horror games,Best Vr,0.804
best vr creative apps,Best Vr,0.82
best vr cricket game,Best Vr,0.814
best vr cricket game reddit,Best Vr,0.754
best vr cycling app,Best Vr,0.814
best vr dance game,Best Vr,0.8
best vr dating sim,Best Vr,0.806
best vr design software,Best Vr,0.78
best vr destruction games,Best Vr,0.78
best vr disc golf game,Best Vr,0.776
best vr discord servers,Best Vr,0.763
best vr diving game,Best Vr,0.829
best vr dogfight,Best Vr,0.783
best vr driving game oculus quest 2,Best Vr,0.771
best vr dungeon crawler,Best Vr,0.809
best vr earbuds,Best Vr,0.804
best vr earphones,Best Vr,0.782
best vr educational apps,Best Vr,0.828
best vr escape room games,Best Vr,0.79
best vr escape room games reddit,Best Vr,0.815
best vr escape room melbourne,Best Vr,0.796
best vr f1 game,Best Vr,0.771
best vr face cover,Best Vr,0.785
best vr fighting games,Best Vr,0.831
best vr fishing game reddit,Best Vr,0.826
best vr fitness games,Best Vr,0.801
best vr fitness games reddit,Best Vr,0.753
best vr flight sim setup,Best Vr,0.781
best vr flight simulator oculus quest 2,Best Vr,0.822
best vr flight simulator setup,Best Vr,0.783
best vr football games,Best Vr,0.757
best vr for 10 year old,Best Vr,0.775
best vr for 6 year old,Best Vr,0.813
best vr for 7 year old,Best Vr,0.768
best vr for 8 year old,Best Vr,0.824
best vr for 9 year old,Best Vr,0.771
best vr for assetto corsa,Best Vr,0.827
best vr for blade and sorcery,Best Vr,0.8
best vr for drifting,Best Vr,0.839
best vr for ets2,Best Vr,0.837
best vr for euro truck simulator 2,Best Vr,0.78
best vr for ghost of tabor,Best Vr,0.823
best vr for gorilla tag,Best Vr,0.824
best vr for mfs2020,Best Vr,0.797
best vr for rtx 3080,Best Vr,0.819
best vr for s21 ultra,Best Vr,0.754
best vr for s22 ultra,Best Vr,0.814
best vr for stationary bike,Best Vr,0.812
best vr for x plane 12,Best Vr,0.826
best vr for x-plane 12,Best Vr,0.755
best vr free games oculus quest 2,Best Vr,0.835
best vr game after alyx,Best Vr,0.758
best vr games for hp reverb g2,Best Vr,0.798
best vr games for quest 3,Best Vr,0.75
best vr games for utopia 360,Best Vr,0.773
best vr games in hyderabad,Best Vr,0.77
best vr games while sitting,Best Vr,0.785
best vr girlfriend games,Best Vr,0.79
best vr glasses for gaming,Best Vr,0.76
best vr gloves,Best Vr,0.753
best vr gloves 2023,Best Vr,0.797
best vr golf game steam,Best Vr,0.83
best vr gpu for the money,Best Vr,0.785
best vr gun games roblox,Best Vr,0.824
best vr hack and slash,Best Vr,0.779
best vr hands game roblox,Best Vr,0.833
best vr hand tracking,Best Vr,0.812
best vr haptic vest,Best Vr,0.825
best vr headset alternative to oculus,Best Vr,0.83
best vr headset for augmented reality,Best Vr,0.775
best vr headset for big heads,Best Vr,0.758
best vr headset for cell phone,Best Vr,0.783
best vr headset for elderly,Best Vr,0.773
best vr headset for elite dangerous reddit,Best Vr,0.836
best vr headset for eyeglass wearers,Best Vr,0.834
best vr headset for gran turismo,Best Vr,0.816
best vr headset for iphone 7,Best Vr,0.761
best vr headset for kids,Best Vr,0.759
best vr headset for lumion,Best Vr,0.765
best vr headset for tv and movies,Best Vr,0.817
best vr headset for two players,Best Vr,0.782
best vr headset for vrchat reddit,Best Vr,0.778
best vr headset for vtol vr,Best Vr,0.764
best vr headset for watching movies,Best Vr,0.774
best vr headset for xbox one uk,Best Vr,0.767
best vr headset for xbox s,Best Vr,0.792
best vr headset for xbox series x,Best Vr,0.8
best vr headset for youtube,Best Vr,0.803
best vr headset not owned by facebook,Best Vr,0.798
best vr headset under 600,Best Vr,0.832
best vr headset with eye tracking,Best Vr,0.801
best vr horror games free,Best Vr,0.751
best vr horror games on roblox,Best Vr,0.823
best vr indie games,Best Vr,0.812
best vr jet games,Best Vr,0.81
best vr koop games,Best Vr,0.792
best vr language app,Best Vr,0.758
best vr learning apps,Best Vr,0.755
best vr lenses reddit,Best Vr,0.755
best vr local multiplayer games,Best Vr,0.799
best vr mat,Best Vr,0.771
best vr mat reddit,Best Vr,0.789
best vr minecraft mods,Best Vr,0.818
best vr mods for non vr games,Best Vr,0.834
best vr motherboard,Best Vr,0.825
best vr mountain bike,Best Vr,0.808
best vr multiplayer horror games,Best Vr,0.779
best vr music games,Best Vr,0.816
best vr mystery games,Best Vr,0.753
best vr nature apps,Best Vr,0.833
best vr nature videos,Best Vr,0.768
best vr oculus quest 2 games 2023,Best Vr,0.758
best vr office apps,Best Vr,0.792
best vr offline games,Best Vr,0.806
best vr parkour games,Best Vr,0.756
best vr passthrough headset,Best Vr,0.802
best vr photo viewer,Best Vr,0.764
best vr pickleball game,Best Vr,0.829
best vr planes msfs,Best Vr,0.794
best vr player for iphone,Best Vr,0.756
best vr player for oculus quest 2,Best Vr,0.821
best vr poker game,Best Vr,0.774
best vr pool game,Best Vr,0.809
best vr prescription lens,Best Vr,0.751
best vr puzzle adventure games,Best Vr,0.777
best vr puzzle games 2022,Best Vr,0.784
best vr qr code,Best Vr,0.812
best vr quest 2 games,Best Vr,0.834
best vr quest games 2022,Best Vr,0.816
best vr racing wheel,Best Vr,0.798
best vr ready gaming pc,Best Vr,0.8
best vr ready gpu,Best Vr,0.777
best vr resolution per eye,Best Vr,0.797
best vr rhythm games reddit,Best Vr,0.826
best vr road driving sim,Best Vr,0.834
best vr roblox horror games,Best Vr,0.751
best vr rpg quest 2,Best Vr,0.768
best vr sailing game,Best Vr,0.819
best vr sailing simulator,Best Vr,0.77
best vr sandbox games,Best Vr,0.823
best vr sculpting program,Best Vr,0.766
best vr sculpting reddit,Best Vr,0.764
best vr set for education,Best Vr,0.788
best vr set for ps5,Best Vr,0.775
best vr shooter games on steam,Best Vr,0.782
best vr shooting games 2023,Best Vr,0.764
best vr shooting games htc vive,Best Vr,0.752
best vr sim racing setup,Best Vr,0.77
best vr skiing game,Best Vr,0.828
best vr skyrim mods,Best Vr,0.8
best vr sniping games,Best Vr,0.786
best vr snowboarding game,Best Vr,0.782
best vr soccer games,Best Vr,0.783
best vr soccer training,Best Vr,0.832
best vr solo games,Best Vr,0.774
best vr spiderman games,Best Vr,0.786
best vr sports games oculus quest 2,Best Vr,0.76
best vr stand alone headset,Best Vr,0.84
best vr standalone headset,Best Vr,0.804
best vr strategy games,Best Vr,0.818
best vr superhero games,Best Vr,0.799
best vr super power games,Best Vr,0.786
best vr supported roblox games,Best Vr,0.797
best vr sweatband,Best Vr,0.824
best vr sword fighting games reddit,Best Vr,0.803
best vr sword games,Best Vr,0.801
best vr tai chi,Best Vr,0.827
best vr tennis game,Best Vr,0.785
best vr tennis training,Best Vr,0.828
best vr to use with ps5,Best Vr,0.824
best vr treadmill 2023,Best Vr,0.833
best vr treadmill reddit,Best Vr,0.799
best vr video converter,Best Vr,0.785
best vr video player android,Best Vr,0.775
best vr video player ios,Best Vr,0.829
best vr video player iphone,Best Vr,0.829
best vr videos while high,Best Vr,0.763
best vr walking simulators,Best Vr,0.819
best vr wave shooter,Best Vr,0.803
best vr whiteboard,Best Vr,0.829
best vr without computer,Best Vr,0.778
best vr workout games,Best Vr,0.822
best vr workout games 2023,Best Vr,0.808
best vr workout games reddit,Best Vr,0.819
best vr workspace app,Best Vr,0.798
best vr ww2 flight sim,Best Vr,0.83
best vr ww2 games,Best Vr,0.775
best vr zombie game,Best Vr,0.78
best vr zombie game reddit,Best Vr,0.799
best vr zombie games,Best Vr,0.825
best vr zombie shooter,Best Vr,0.834
best western vr games,Best Vr,0.759
biggest vr company,Best Vr,0.799
current vr options,Best Vr,0.775
fallout 4 best vr mods,Best Vr,0.795
good quality vr,Best Vr,0.79
highest fov vr headset,Best Vr,0.824
highest fps vr headset,Best Vr,0.804
highest resolution vr,Best Vr,0.788
highest resolution vr headset,Best Vr,0.823
is ar better than vr,Best Vr,0.815
is quest 2 the best vr headset,Best Vr,0.797
minecraft best vr mods,Best Vr,0.768
msfs best vr aircraft,Best Vr,0.829
nvidia best vr settings,Best Vr,0.778
popular oculus vr games,Best Vr,0.833
ps vr2 best buy,Best Vr,0.771
quest 2 best vr games,Best Vr,0.754
quest 2 best vr video player,Best Vr,0.793
recommended vr games,Best Vr,0.755
the best vr fitness games,Best Vr,0.807
top 10 best free vr games,Best Vr,0.767
top 10 best roblox vr games,Best Vr,0.835
top ten best free vr games,Best Vr,0.817
ultimate vr setup,Best Vr,0.766
virtual vr near me,Best Vr,0.828
vr best fitness games,Best Vr,0.803
vr device comparison,Best Vr,0.771
vr examples,Best Vr,0.831
vr vs 3d,Best Vr,0.797
vr vs ar which is better,Best Vr,0.769
vr headset,Best Vr,0.799
vr headsets,Best Vr,0.772
vr headset right now,Best Vr,0.775
vr movies,Best Vr,0.784
vr or playstation,Best Vr,0.772
vr video player,Best Vr,0.773
we are vr,Best Vr,0.788
what is the best vr headset for dcs,Best Vr,0.795
x plane best vr headset,Best Vr,0.792
a good vr headset,Best Vr,0.762
ar vs vr which is better,Best Vr,0.819
automobilista 2 best vr settings,Best Vr,0.778
best 180 vr player android,Best Vr,0.792
best affordable vr headset,Best Vr,0.794
best affordable vr headset reddit,Best Vr,0.814
best ar vr companies in india,Best Vr,0.803
best budget vr headset australia,Best Vr,0.783
best budget vr headset uk,Best Vr,0.79
best buy vr oculus quest 2,Best Vr,0.775
best california vrbo,Best Vr,0.803
best cheap vr headset amazon,Best Vr,0.8
best co op vr games oculus quest 2,Best Vr,0.75
best co op vr horror games,Best Vr,0.824
best crime vr games,Best Vr,0.785
best fnaf vr fan games,Best Vr,0.797
best free vr games quest 2,Best Vr,0.829
best free vr hunting games,Best Vr,0.833
best free vr puzzle games,Best Vr,0.805
best games for bnext vr headset,Best Vr,0.797
best goalkeeper vr games,Best Vr,0.831
best gpu dcs vr,Best Vr,0.838
best ios vr apps reddit,Best Vr,0.812
best itch.io vr games,Best Vr,0.837
best jumpscare vr games,Best Vr,0.754
best kat vr games,Best Vr,0.758
best lightweight vr headset,Best Vr,0.792
best looking vr racing game,Best Vr,0.836
best minecraft vr servers,Best Vr,0.784
best msfs vr settings,Best Vr,0.831
best naruto vr games,Best Vr,0.806
best new vr games quest 2,Best Vr,0.777
best ninja vr games,Best Vr,0.826
best one piece vr game,Best Vr,0.78
best pc for iracing vr,Best Vr,0.776
best pico vr games,Best Vr,0.781
best pico vr headset,Best Vr,0.795
best prescription vr lenses,Best Vr,0.782
best ps4 vr aim controller games,Best Vr,0.782
best ps vr horror games,Best Vr,0.822
best quest two vr games,Best Vr,0.759
best sao vr game,Best Vr,0.759
best shoot em up vr games,Best Vr,0.827
best skyrim vr enb,Best Vr,0.759
best skyrim vr modpack,Best Vr,0.811
best skyrim vr mods reddit,Best Vr,0.803
best smartphone vr holder,Best Vr,0.792
best star wars vr games oculus quest 2,Best Vr,0.828
best star wars vr mods,Best Vr,0.828
best tethered vr headset 2023,Best Vr,0.775
best tv with vrr,Best Vr,0.769
best virtual reality tennis game,Best Vr,0.814
best vr180 camera,Best Vr,0.762
best vr air combat games,Best Vr,0.795
best vr apps for elderly,Best Vr,0.777
best vr apps for meta quest 2,Best Vr,0.755
best vr art apps,Best Vr,0.816
best vr astronomy apps,Best Vr,0.761
best vr attack on titan game,Best Vr,0.809
best vr baseball game free,Best Vr,0.761
best vrbo nc,Best Vr,0.838
best vrbo new england,Best Vr,0.825
best vr box for mobile,Best Vr,0.804
best vr boxing game,Best Vr,0.823
best vr boxing trainer,Best Vr,0.827
best vr box price in india,Best Vr,0.811
best vr browser for oculus quest 2,Best Vr,0.805
best vr browser iphone,Best Vr,0.789
best vr cable management,Best Vr,0.814
best vr camera for oculus quest,Best Vr,0.806
best vr camera for oculus quest 2,Best Vr,0.809
best vr chat avatar creators,Best Vr,0.814
best vr climbing games,Best Vr,0.784
best vr cooking game,Best Vr,0.802
best vr co op games quest 2,Best Vr,0.799
best vr crafting games,Best Vr,0.789
best vr darts game,Best Vr,0.782
best vr dating apps,Best Vr,0.777
best vr dating games,Best Vr,0.775
best vr detective games,Best Vr,0.765
best vr dinosaur app,Best Vr,0.84
best vr dinosaur game,Best Vr,0.837
best vr dirt bike games,Best Vr,0.763
best vr dj game,Best Vr,0.828
best vr drawing app,Best Vr,0.752
best vr editing software,Best Vr,0.767
best vr escape room games oculus quest 2,Best Vr,0.782
best vr escape room games steam,Best Vr,0.766
best vr escape room london,Best Vr,0.786
best vr escape room sydney,Best Vr,0.819
best vr farming games,Best Vr,0.783
best vr fighter jet game,Best Vr,0.793
best vr fishing game,Best Vr,0.782
best vr fishing game 2023,Best Vr,0.818
best vr fitness apps,Best Vr,0.752
best vr games for 10 year olds,Best Vr,0.821
best vr games for 13 year olds,Best Vr,0.827
best vr games for 14 year olds,Best Vr,0.76
best vr games for 6 year olds,Best Vr,0.829
best vr games for 7 year olds,Best Vr,0.808
best vr games for 9 year olds,Best Vr,0.793
best vr games for autism,Best Vr,0.826
best vr games to keep fit,Best Vr,0.775
best vr games to sleep in,Best Vr,0.753
best vr glasses for iphone,Best Vr,0.765
best vr goggles for flight simulator,Best Vr,0.823
best vr goggles for iphone,Best Vr,0.813
best vr gorilla tag player,Best Vr,0.792
best vr graffiti games,Best Vr,0.774
best vr gun controller,Best Vr,0.833
best vr gun games free,Best Vr,0.799
best vr gun stock,Best Vr,0.772
best vr gun stock 2023,Best Vr,0.821
best vr gun stock quest 2,Best Vr,0.801
best vr gun stock reddit,Best Vr,0.764
best vr headset for 6.7 inch phone,Best Vr,0.774
best vr headset for cycling,Best Vr,0.819
best vr headset for dcs,Best Vr,0.781
best vr headset for dirt rally 2.0,Best Vr,0.801
best vr headset for dji mini 2,Best Vr,0.798
best vr headset for fnaf help wanted,Best Vr,0.826
best vr headset for gtx 1060,Best Vr,0.825
best vr headset for iphone uk,Best Vr,0.801
best vr headset for macbook air,Best Vr,0.795
best vr headset for nexus 6,Best Vr,0.768
best vr headset for pixel 6,Best Vr,0.828
best vr headset for rfactor 2,Best Vr,0.821
best vr headset for rtx 3080,Best Vr,0.816
best vr headset for rtx 4090,Best Vr,0.791
best vr headset for s23 ultra,Best Vr,0.836
best vr headset for tweens,Best Vr,0.831
best vr headset for twinmotion,Best Vr,0.838
best vr headset for watching tv,Best Vr,0.799
best vr headset for web browsing,Best Vr,0.811
best vr headsets for schools uk,Best Vr,0.83
best vr hitman games,Best Vr,0.787
best vr horror games quest 2,Best Vr,0.754
best vr jet fighter game,Best Vr,0.837
best vr master naruto to boruto,Best Vr,0.774
best vr meditation apps,Best Vr,0.805
best vr meditation apps 2023,Best Vr,0.773
best vr meeting apps 2023,Best Vr,0.797
best vr meta quest 2 games,Best Vr,0.828
best vr meta quest 2 games 2023,Best Vr,0.787
best vr minecraft servers,Best Vr,0.771
best vr mods for skyrim,Best Vr,0.782
best vr mod websites,Best Vr,0.751
best vr multiplayer games quest 2,Best Vr,0.787
best vr painting games,Best Vr,0.782
best vr phone compatibility,Best Vr,0.804
best vr pistol games,Best Vr,0.806
best vr player for iphone reddit,Best Vr,0.829
best vr police games,Best Vr,0.764
best vr prescription lenses,Best Vr,0.822
best vr prescription lenses reddit,Best Vr,0.778
best vr prescription lenses uk,Best Vr,0.828
best vr price in pakistan,Best Vr,0.795
best vr productivity apps,Best Vr,0.835
best vr quest 2 games 2022,Best Vr,0.825
best vr quest 2 games 2023,Best Vr,0.831
best vr quest 2 games free,Best Vr,0.813
best vr quest 2 horror games,Best Vr,0.771
best vr racing game quest 2,Best Vr,0.761
best vr rail shooters,Best Vr,0.782
best vr ready graphics cards,Best Vr,0.8
best vr ready laptops,Best Vr,0.83
best vr rhythm games,Best Vr,0.778
best vr roguelike games,Best Vr,0.797
best vrr tv,Best Vr,0.754
best vr sculpting tool,Best Vr,0.819
best vr settings dcs,Best Vr,0.776
best vr software for architecture,Best Vr,0.818
best vr stealth games,Best Vr,0.829
best vr survival games,Best Vr,0.829
best vr swat games,Best Vr,0.808
best vr sweat mask,Best Vr,0.77
best vr table tennis game,Best Vr,0.757
best vrv ac,Best Vr,0.785
best vr viewer for iphone,Best Vr,0.803
best vr web browser android,Best Vr,0.837
best vr websites for oculus quest 2,Best Vr,0.771
best vr wirecutter,Best Vr,0.786
best vr without base stations,Best Vr,0.834
best vr workout apps,Best Vr,0.773
best vr workout games steam,Best Vr,0.81
best vr youtube videos scary,Best Vr,0.833
best vr zombie game 2022,Best Vr,0.823
best vr zombie game oculus quest 2,Best Vr,0.819
best vr zombie survival games,Best Vr,0.805
best vtol vr missions,Best Vr,0.794
best ww1 vr games,Best Vr,0.805
best youtube vr music videos,Best Vr,0.826
best youtube vr videos for oculus quest 2,Best Vr,0.755
borderlands 2 vr best character,Best Vr,0.804
comfortable vr games,Best Vr,0.817
dcs best vr plane,Best Vr,0.758
expensive vr,Best Vr,0.754
fallout 4 vr best graphics settings,Best Vr,0.794
good fun vr games,Best Vr,0.825
good vr names,Best Vr,0.779
good vr pfp,Best Vr,0.814
good vr slogans,Best Vr,0.807
is vr good for your eyes,Best Vr,0.752
no good vr games,Best Vr,0.82
no man's sky best vr settings,Best Vr,0.82
pico 4 vr best games,Best Vr,0.752
population one vr best settings,Best Vr,0.8
project cars 2 best vr settings,Best Vr,0.772
quest 2 vr best buy,Best Vr,0.752
recommended vr time,Best Vr,0.778
resident evil 4 vr best weapons,Best Vr,0.801
rfactor 2 best vr settings,Best Vr,0.805
squadrons best vr settings,Best Vr,0.768
top giochi vr,Best Vr,0.756
top juegos vr ps4,Best Vr,0.755
top vr rv24yn 20s,Best Vr,0.757
vr wave review,Best Vr,0.806
vr headset 2022,Best Vr,0.782
vr headset india,Best Vr,0.786
vr headset overall. oculus,Best Vr,0.823
vr headset to buy,Best Vr,0.781
vr set,Best Vr,0.8
vr settings,Best Vr,0.756
we 'r' vr,Best Vr,0.824
which vr games should i buy,Best Vr,0.795
among us vr mrbeast,Best Vr,0.774
ams2 best vr settings,Best Vr,0.77
ar vs vr vs ai,Best Vr,0.838
ar vs vr vs mr,Best Vr,0.829
best ancient dungeon vr seed,Best Vr,0.809
best android vr cinema app,Best Vr,0.757
best budget vr cpu,Best Vr,0.814
best budget vr gpu,Best Vr,0.761
best budget vr headset for sim racing,Best Vr,0.766
best buy vr goggles,Best Vr,0.827
best buy vr ready pc,Best Vr,0.793
best classroom vr sets,Best Vr,0.781
best colorado vrbo,Best Vr,0.83
best co op vr games quest 2,Best Vr,0.832
best dcs vr settings,Best Vr,0.825
best demon slayer vr games,Best Vr,0.817
best echo vr settings,Best Vr,0.764
best florida vrbo,Best Vr,0.826
best free vr games meta quest 2,Best Vr,0.82
best free vr rhythm games,Best Vr,0.825
best fs2020 vr settings,Best Vr,0.816
best gpu for vr iracing,Best Vr,0.787
best gym class vr settings,Best Vr,0.819
best hawaii vrbo,Best Vr,0.8
best headset for echo vr,Best Vr,0.837
best iracing vr settings,Best Vr,0.81
best kpop vr videos,Best Vr,0.818
best laptop to run vr,Best Vr,0.761
best minecraft vr shaders,Best Vr,0.771
best mn vrbo,Best Vr,0.795
best nikon vr lenses,Best Vr,0.796
best ohio vrbo,Best Vr,0.82
best pc for dcs vr,Best Vr,0.756
best pc for vtol vr,Best Vr,0.818
best prescription vr lenses quest 2,Best Vr,0.813
best skyrim vr graphics mods,Best Vr,0.818
best skyrim vr immersion mods,Best Vr,0.832
best tv for vrbo,Best Vr,0.766
best vr180 camera 2022,Best Vr,0.8
best vr180 camera 2023,Best Vr,0.783
best vr apps for autism,Best Vr,0.76
best vr apps for iphone without controller,Best Vr,0.787
best vr apps for tzumi dream vision,Best Vr,0.763
best vr authoring tools,Best Vr,0.763
best vr blacksmith game,Best Vr,0.792
best vrbo in new york,Best Vr,0.785
best vr box price in pakistan,Best Vr,0.793
best vrchat rp worlds,Best Vr,0.785
best vr dogfighting game,Best Vr,0.776
best vr drum game,Best Vr,0.827
best vrf ac,Best Vr,0.774
best vr floor mat,Best Vr,0.836
best vr games for 11 year olds,Best Vr,0.78
best vr games for lying down,Best Vr,0.782
best vr games for tweens,Best Vr,0.808
best vr games like blade and sorcery,Best Vr,0.759
best vr glasses for iphone 6 plus,Best Vr,0.812
best vr glasses for movies,Best Vr,0.752
best vr glasses for work,Best Vr,0.761
best vr goggles for iracing,Best Vr,0.788
best vr golf club attachment reddit,Best Vr,0.759
best vr graphics card under 200,Best Vr,0.801
best vr haptic gloves,Best Vr,0.754
best vr headset for 6.5 inch phone,Best Vr,0.776
best vr headset for 6 year-old,Best Vr,0.772
best vr headset for 9 year old,Best Vr,0.769
best vr headset for nintendo switch lite,Best Vr,0.792
best vr headset for rtx 3070,Best Vr,0.778
best vr horror games quest 2 free,Best Vr,0.828
best vr interior design software,Best Vr,0.765
best vr lens cleaner,Best Vr,0.814
best vr lens cleaner reddit,Best Vr,0.774
best vr link cable,Best Vr,0.777
best vr master shinobi striker,Best Vr,0.791
best vr master shinobi striker 2023,Best Vr,0.801
best vr meeting apps,Best Vr,0.818
best vr multiplayer games quest 2 free,Best Vr,0.794
best vr omnidirectional treadmill,Best Vr,0.77
best vr painting app,Best Vr,0.759
best vr player for hp reverb g2,Best Vr,0.768
best vr prescription lenses quest 2,Best Vr,0.756
best vr prescription lenses valve index,Best Vr,0.815
best vr pulley system,Best Vr,0.81
best vr puzzle games quest 2,Best Vr,0.805
best vr racing game with steering wheel,Best Vr,0.792
best vr ready gaming laptops,Best Vr,0.764
best vr rifle stock,Best Vr,0.837
best vrr tv 2022,Best Vr,0.792
best vr settings assetto corsa,Best Vr,0.833
best vr settings for elite dangerous,Best Vr,0.776
best vr settings nvidia control panel,Best Vr,0.824
best vr stock for ghost of tabor,Best Vr,0.781
best vr sword fighting games 2022,Best Vr,0.77
best vr tower defense games,Best Vr,0.755
best vr vest for oculus quest 2,Best Vr,0.828
best vr web browser for oculus quest 2,Best Vr,0.82
best vr workout games quest 2,Best Vr,0.783
best vtol vr mods,Best Vr,0.803
dirt rally 2 best vr settings,Best Vr,0.769
ets2 best vr settings,Best Vr,0.785
good doctor vr heart surgery,Best Vr,0.764
good quality vr videos,Best Vr,0.758
good vr adventure games,Best Vr,0.751
good vr usernames,Best Vr,0.817
il2 best vr settings,Best Vr,0.76
is vr a good investment,Best Vr,0.826
is vr good cardio,Best Vr,0.816
is vr good for fitness,Best Vr,0.781
no man's sky vr best mods,Best Vr,0.767
skyrim vr best npc mod,Best Vr,0.766
top juegos vr,Best Vr,0.764
top juegos vr android,Best Vr,0.817
top juegos vr pc,Best Vr,0.765
top jump vr,Best Vr,0.817
top jump vr reviews,Best Vr,0.764
top squad vr,Best Vr,0.823
up and coming vr companies,Best Vr,0.833
v1 vs vr vs v2,Best Vr,0.795
valve index vr review,Best Vr,0.753
vrchat avatars,Best Vr,0.765
vr exercise games,Best Vr,0.827
vr top zins,Best Vr,0.763
vr ui examples,Best Vr,0.783
vr vs v engine,Best Vr,0.825
vr games oculus quest,Best Vr,0.788
vr headset 2023,Best Vr,0.811
vr mods,Best Vr,0.775
what is a vr gp,Best Vr,0.836
what is vr on facebook,Best Vr,0.84
what was the best vr element/scene of ready player one,Best Vr,0.78
acc vr setup,Best Vr,0.823
ar vs vr vs mr vs xr,Best Vr,0.757
beat saber vr,Best Vr,0.762
best apps for bnext vr headset,Best Vr,0.808
best arizona vrbo,Best Vr,0.78
best ar/vr courses in india,Best Vr,0.76
best budget vr headset for pc reddit,Best Vr,0.834
best buy vr black friday,Best Vr,0.782
best cpu for vr iracing,Best Vr,0.83
best free educational vr apps,Best Vr,0.805
best gorilla tag vr names,Best Vr,0.812
best gpu for fs2020 vr,Best Vr,0.791
best iphone vr headset for watching movies,Best Vr,0.768
best michigan vrbo,Best Vr,0.833
best montana vrbo,Best Vr,0.818
best old v,Best Vr,0.766
best strategy for vr ucat,Best Vr,0.838
best vr6 hp,Best Vr,0.834
best vrbo in new orleans,Best Vr,0.829
best vrbo in texas,Best Vr,0.814
best vrbo on maui,Best Vr,0.761
best vrbo st john,Best Vr,0.754
best vr camera for live streaming,Best Vr,0.754
best vr glasses for steam deck,Best Vr,0.836
best vr settings for automobilista 2,Best Vr,0.765
best vr sword fighting games free,Best Vr,0.775
best vr sword fighting games quest 2,Best Vr,0.773
best vr tracker straps,Best Vr,0.811
best wisconsin vrbo,Best Vr,0.781
biggest ar/vr companies,Best Vr,0.817
bvr games,Best Vr,0.814
can you play vr on tv,Best Vr,0.766
can you use vr on tv,Best Vr,0.792
can you watch vr on tv,Best Vr,0.8
difference between vr and vr ii,Best Vr,0.779
easy to run vr games,Best Vr,0.795
expensive vr set,Best Vr,0.832
good vr hunting games,Best Vr,0.791
good vr names for youtube,Best Vr,0.771
good vr tiktok names,Best Vr,0.795
good vr tiktok usernames,Best Vr,0.759
good vr war games,Best Vr,0.764
good youtube vr names,Best Vr,0.767
io games best,Best Vr,0.764
iron man vr best upgrades,Best Vr,0.799
is subnautica better in vr,Best Vr,0.752
mrbeast playing vr,Best Vr,0.835
mrbeast vr,Best Vr,0.76
old games in vr,Best Vr,0.763
pokerstars vr best slots,Best Vr,0.824
quest vr 2 review,Best Vr,0.823
se vr2 review,Best Vr,0.824
the best,Best Vr,0.763
top juegos vr 2023,Best Vr,0.776
ux design vr,Best Vr,0.775
valve vr headset review,Best Vr,0.766
vra,Best Vr,0.833
vram games,Best Vr,0.806
vrchat,Best Vr,0.784
vrchat avatar,Best Vr,0.802
vrs,Best Vr,0.814
vr ui best practices,Best Vr,0.821
vr vs ar vs xr,Best Vr,0.829
vr zone dc reviews,Best Vr,0.798
vr box in india,Best Vr,0.76
warn vr vs vr evo,Best Vr,0.772
zero caliber vr review,Best Vr,0.837
best hotas for dcs vr,Best Vr,0.807
best ir illuminator for vr,Best Vr,0.796
best ob-gyne in vrp,Best Vr,0.762
best r us,Best Vr,0.833
best vrbo in gatlinburg tn,Best Vr,0.832
best vrbo in new mexico,Best Vr,0.828
best vr boxing game quest 2 free,Best Vr,0.834
best vr gloves for dcs,Best Vr,0.775
best vr master shinobi striker attack,Best Vr,0.831
best vrr tv for ps5,Best Vr,0.828
best vrv ac brand,Best Vr,0.782
best wheel for gt7 vr,Best Vr,0.759
can you watch nfl in vr,Best Vr,0.785
expensive vr headset,Best Vr,0.819
first person tennis vr review,Best Vr,0.757
good ucat vr score,Best Vr,0.817
good vr names for tiktok,Best Vr,0.771
how to run in vr,Best Vr,0.801
how to watch vr on tv,Best Vr,0.796
is echo vr on psvr,Best Vr,0.761
is psvr v2 better than v1,Best Vr,0.795
is rx 5600 xt good for vr,Best Vr,0.821
is ryzen 5 good for vr,Best Vr,0.813
vray 6 best render settings,Best Vr,0.79
vrbo,Best Vr,0.831
vrf,Best Vr,0.807
vr vs ir routes,Best Vr,0.778
we bare bears vr,Best Vr,0.764
xr vs vr vs ar,Best Vr,0.759
best 120hz vrr tv,Best Vr,0.781
best budget vrr tv,Best Vr,0.815
best fishing vrbo texas,Best Vr,0.795
best pp filter for vr assetto corsa,Best Vr,0.768
best vrat ka khana,Best Vr,0.802
best vrbo in texas with pool,Best Vr,0.781
best vrbo texas hill country,Best Vr,0.783
best vrops 8 dashboards,Best Vr,0.754
best vrv ac in india,Best Vr,0.757
best vw vr6 engine,Best Vr,0.776
can you watch vr videos on psvr,Best Vr,0.758
good vr names for gorilla tag,Best Vr,0.828
good ww2 vr games,Best Vr,0.774
its best or it's best,Best Vr,0.808
la noire vr review,Best Vr,0.807
mrbeast avatar vrchat,Best Vr,0.786
mrbeast vr talent show,Best Vr,0.812
pa best views,Best Vr,0.822
vram,Best Vr,0.775
vrbo rentals,Best Vr,0.82
vrbo williamsburg,Best Vr,0.768
vr qr code,Best Vr,0.809
we bare bears vr game,Best Vr,0.759
ys best games,Best Vr,0.761
best ammo for vr80,Best Vr,0.326
best ar smart glasses,Best Vr,0.399
best buy vr return policy,Best Vr,0.058
best it value,Best Vr,0.093
best vrf ac in india,Best Vr,0.224
better versus best,Best Vr,0.453
can a hp laptop run vr,Best Vr,0.445
can you watch youtube vr on psvr,Best Vr,0.441
is stride vr on oculus quest,Best Vr,0.486
mi vr price,Best Vr,0.065
non vr rates for gp,Best Vr,0.468
vrbas,Best Vr,0.329
vrbo locations,Best Vr,0.184
vrbo moab,Best Vr,0.016
vrc,Best Vr,0.19
we bare bears vr episode,Best Vr,0.212
best buy vr headset return policy,Best Vr,0.347
best dj visuals,Best Vr,0.26
best gx games,Best Vr,0.203
best time ever,Best Vr,0.066
best year v rod,Best Vr,0.315
best yu gi oh games,Best Vr,0.231
big ed best view,Best Vr,0.298
dr vranjes best seller,Best Vr,0.04
gear vr oculus qr code,Best Vr,0.251
gear vr qr code,Best Vr,0.015
kv top vroomshoop,Best Vr,0.378
my best home vraceni zbozi,Best Vr,0.233
tj best,Best Vr,0.395
un vrai best seller,Best Vr,0.14
vraiment,Best Vr,0.349
vram gpu,Best Vr,0.259
vrbo or airbnb,Best Vr,0.353
vriendin.nl best gelezen,Best Vr,0.089
you are the best,Best Vr,0.108
best ac dharamshala in vrindavan,Best Vr,0.466
best dj video pool,Best Vr,0.318
best dr vranjes diffuser,Best Vr,0.387
best things to do in vrindavan,Best Vr,0.111
best tv brands,Best Vr,0.386
best yu gi oh series,Best Vr,0.262
can you play minecraft vr on mac,Best Vr,0.467
gk the best reviews,Best Vr,0.131
gw2 best wvw,Best Vr,0.087
il best build,Best Vr,0.032
it best suits you,Best Vr,0.452
mi vr play 2 price,Best Vr,0.45
nu best reviews,Best Vr,0.122
nw best cpr,Best Vr,0.462
ted ed best videos,Best Vr,0.164
the best man,Best Vr,0.471
the best of me,Best Vr,0.052
top dj vrouw,Best Vr,0.485
vram settings,Best Vr,0.076
vraylar goodrx,Best Vr,0.441
vw vr6 top speed,Best Vr,0.453
best dj video,Best Vr,0.031
best r gui,Best Vr,0.165
best ver ka kits,Best Vr,0.491
best ver ka kits reddit,Best Vr,0.157
best yu gi oh cards,Best Vr,0.211
il bestione,Best Vr,0.332
mrbeast vriendin,Best Vr,0.413
nh best hotel,Best Vr,0.439
pg best courses,Best Vr,0.071
top op vrijdag,Best Vr,0.043
un vrai top model,Best Vr,0.174
vriend doet,Best Vr,0.048
az best equipment,Best Vr,0.356
bbs aqua best commands,Best Vr,0.12
best credit cards uk,Best Vr,0.139
best things to do in vegas,Best Vr,0.127
best yu gi oh decks,Best Vr,0.011
best yu gi oh gba game,Best Vr,0.156
best yu gi oh master duel deck,Best Vr,0.463
choss le vrai best of,Best Vr,0.034
gw2 best wvw build,Best Vr,0.085
nubest tall,Best Vr,0.206
nw best real estate photography,Best Vr,0.034
the best of enemies,Best Vr,0.418
the best of me cast,Best Vr,0.139
tj best nj,Best Vr,0.34
vrat katha,Best Vr,0.169
vrbo glacier,Best Vr,0.181
vrijeme,Best Vr,0.067
best ac brand,Best Vr,0.169
best dj vinyl turntables,Best Vr,0.178
best time to do satyanarayana vratam,Best Vr,0.416
dj virtuous best of yan yan,Best Vr,0.365
dr vranjes best seller scent,Best Vr,0.479
ed sheeran best videos,Best Vr,0.348
gk the best vs resistant,Best Vr,0.016
heeft mrbeast een vriendin,Best Vr,0.21
il bestiario,Best Vr,0.048
il bestia vimercate,Best Vr,0.029
ivr system,Best Vr,0.174
nu best courses,Best Vr,0.366
nubest grow power,Best Vr,0.088
nu best salon,Best Vr,0.272
nw best fish,Best Vr,0.04
nw best storage,Best Vr,0.018
the best way to reverse a vehicle when turning is to,Best Vr,0.209
which bbs are the best,Best Vr,0.363
best cc cream,Best Vr,0.104
best forex broker,Best Vr,0.141
best yu gi oh structure decks,Best Vr,0.114
dj vickers best hits,Best Vr,0.045
il bestione film completo,Best Vr,0.003
it best practices examples,Best Vr,0.419
me best friend,Best Vr,0.382
nu best vitamins,Best Vr,0.462
nw best auto repair,Best Vr,0.353
nw best movers,Best Vr,0.439
the best sandwich place,Best Vr,0.033
vrijstelling tbc test,Best Vr,0.156
weird al best videos,Best Vr,0.082
alabama brawl best video,Best Vr,0.378
alabama brawl best view,Best Vr,0.234
al quran recitation best voice,Best Vr,0.215
best buy xd card,Best Vr,0.024
best dj venues london,Best Vr,0.289
best dj venues nyc,Best Vr,0.495
best ed vitamins,Best Vr,0.329
best makeup brushes,Best Vr,0.269
ed sheeran best vocals,Best Vr,0.446
il best high schools,Best Vr,0.089
ivr,Best Vr,0.445
my best friend,Best Vr,0.351
nu best college list,Best Vr,0.302
nw best artisan marketplace,Best Vr,0.091
the best sandwich place washington,Best Vr,0.458
best alabama vs texas memes,Best Vr,0.039
best bb cream,Best Vr,0.188
best push up bra,Best Vr,0.194
best vikings ol of all time,Best Vr,0.27
it best practices checklist,Best Vr,0.413
it best practices for employees,Best Vr,0.386
it best practices for end users,Best Vr,0.136
nu-best whiplash injury center,Best Vr,0.247
ol dirty bastard best verses,Best Vr,0.366
il best friend il ventilatore,Best Vr,0.485
il bestiario degli italiani,Best Vr,0.249
il best school districts,Best Vr,0.004
edward vi best friend,Best Vr,0.179
best edward vii biography,Best Vr,0.451
nu best college list in dhaka,Best Vr,0.132
edward vi best known for,Best Vr,0.028
