Index,Keyword,original_similarity
1,gaming computer bed,0.96
2,a gaming bed,0.94
3,gaming bed and desk,0.94
4,gaming bed reddit,0.94
5,gaming bed very,0.94
6,gaming bed with,0.94
7,gaming gamer bed,0.94
8,gaming pc bed,0.94
9,pc gamer bed,0.94
10,pc gaming bed,0.94
11,the gaming bed,0.94
12,buy gaming bed,0.93
13,electric gaming bed,0.93
14,gaming bed accessories,0.93
15,gaming bed laptop,0.93
16,gaming bed near me,0.93
17,gaming bed room,0.93
18,gaming beds,0.93
19,gaming bed station,0.93
20,gaming bed uk,0.93
21,gaming bed units,0.93
22,gaming bed with desk,0.93
23,gaming bed with lights,0.93
24,gaming bed with tv,0.93
25,gaming room bed,0.93
26,modern gaming bed,0.93
27,platform gaming bed,0.93
28,what is a gaming bed,0.93
29,a gaming bedroom,0.92
30,bed and gaming setup,0.92
31,bed gaming rig,0.92
32,bed gaming setup,0.92
33,bed gaming setup reddit,0.92
34,build a gaming bed,0.92
35,computer gaming bedroom ideas,0.92
36,custom gaming bed,0.92
37,diy gaming bed,0.92
38,full gaming bed,0.92
39,galaxy gaming bed,0.92
40,gamer bed room,0.92
41,gamer bed set full,0.92
42,gamer bed setup,0.92
43,gamer dream bed,0.92
44,gaming and bed room,0.92
45,gaming bed amazon,0.92
46,gaming bed cheap,0.92
47,gaming bed design,0.92
48,gaming bed desk,0.92
49,gaming bed dreams,0.92
50,gaming bed ebay,0.92
51,gaming bed ebay uk,0.92
52,gaming bed ideas,0.92
53,gaming bed ikea,0.92
54,gaming bedroom,0.92
55,gaming bedroom bed,0.92
56,gaming bed second hand,0.92
57,gaming bed set,0.92
58,gaming bed setup,0.92
59,gaming bed studio,0.92
60,gaming bed tv,0.92
61,gaming bed with desk underneath,0.92
62,gaming bed with led lights,0.92
63,gaming bed with shelves,0.92
64,gaming bed with sofa,0.92
65,gaming bed with storage,0.92
66,gaming board bed,0.92
67,gaming couch bed,0.92
68,gaming desk and bed combo,0.92
69,gaming desk bed combo,0.92
70,gaming desk with bed above,0.92
71,gaming lap desk bed,0.92
72,gaming laptop bed table,0.92
73,gaming play bed,0.92
74,gaming room with bed,0.92
75,gaming setup bed room,0.92
76,gaming sofa bed uk,0.92
77,gaming storage bed,0.92
78,metal gaming bed,0.92
79,midi gaming bed,0.92
80,next gaming bed,0.92
81,odditymall gaming bed,0.92
82,pc gaming bedroom,0.92
83,pc gaming on bed,0.92
84,rgb gaming bed,0.92
85,rooms to go gaming bed,0.92
86,smart gaming bed,0.92
87,top gaming bed,0.92
88,tv gaming bed,0.92
89,ultimate gaming bed,0.92
90,very gaming bed,0.92
91,3/4 gaming bed,0.91
92,bed gaming lap desk,0.91
93,best gaming bed,0.91
94,boy gaming bed,0.91
95,b zone gaming bed,0.91
96,cerberus gaming bed,0.91
97,cool gaming bed,0.91
98,cozy gaming bed,0.91
99,currys gaming bed,0.91
100,double bed gaming setup,0.91
101,epic gaming bed,0.91
102,funny gaming bed,0.91
103,gamer bed ikea,0.91
104,gamer bed with storage,0.91
105,gamer loft bed gaming setup,0.91
106,gamer sofa bed,0.91
107,games store bed,0.91
108,gaming a bed,0.91
109,gaming and bedroom,0.91
110,gaming bed adults,0.91
111,gaming bed and chair,0.91
112,gaming bed australia,0.91
113,gaming bed big w,0.91
114,gaming bed black,0.91
115,gaming bed black friday,0.91
116,gaming bed bunk,0.91
117,gaming bed canada,0.91
118,gaming bed diy,0.91
119,gaming bed double,0.91
120,gaming bed dunelm,0.91
121,gaming bed for sale,0.91
122,gaming bed for sale second hand,0.91
123,gaming bed from japan,0.91
124,gaming bed grey,0.91
125,gaming bed gumtree,0.91
126,gaming bed in a bag,0.91
127,gaming bed klarna,0.91
128,gaming bed kopen,0.91
129,gaming bed led,0.91
130,gaming bed loft,0.91
131,gaming bed nz,0.91
132,gaming bed queen,0.91
133,gaming bedroom accessories,0.91
134,gaming bedroom furniture,0.91
135,gaming bedroom uk,0.91
136,gaming bed sale,0.91
137,gaming bedside table,0.91
138,gaming bed single,0.91
139,gaming bed sofa,0.91
140,gaming beds uk,0.91
141,gaming bed table,0.91
142,gaming bed twin,0.91
143,gaming bed usa,0.91
144,gaming bed white,0.91
145,gaming bed with mattress,0.91
146,gaming bed with tv stand,0.91
147,gaming bed with wardrobe,0.91
148,gaming bunk bed,0.91
149,gaming day bed,0.91
150,gaming den bed,0.91
151,gaming desk over bed,0.91
152,gaming double bed,0.91
153,gaming high bed,0.91
154,gaming in bed setup,0.91
155,gaming in bed setup reddit,0.91
156,gaming loft bed reddit,0.91
157,gaming nook bed,0.91
158,gaming on bed,0.91
159,gaming on bed reddit,0.91
160,gaming on the bed,0.91
161,gaming pod bed,0.91
162,gaming pod bed uk,0.91
163,gaming room with bed design,0.91
164,gaming room with bed on top,0.91
165,gaming setup bedroom,0.91
166,good gaming bed,0.91
167,green gaming bed,0.91
168,high gaming bed,0.91
169,ikea gaming bed with desk,0.91
170,light up gaming bed,0.91
171,low gaming bed,0.91
172,mens gaming bed,0.91
173,mercury gaming bed,0.91
174,motorized gaming bed,0.91
175,nebula gaming bed,0.91
176,new gaming bedroom,0.91
177,over bed gaming desk,0.91
178,pc gaming bed setup,0.91
179,pc gaming desk for bed,0.91
180,pc gaming in bed reddit,0.91
181,pink gaming bed,0.91
182,razer gaming bed,0.91
183,sit gaming chair bed,0.91
184,small gaming bed,0.91
185,small gaming bed room,0.91
186,target gaming bed,0.91
187,the bedroom gaming setup,0.91
188,the ultimate gaming bed,0.91
189,under bed gaming station,0.91
190,used gaming bed,0.91
191,xbox gaming bed,0.91
192,x gamer bed,0.91
193,basecamp gaming bed,0.9
194,basecamp tv gaming bed,0.9
195,bed kingdom gaming desk,0.9
196,bedste gaming pc,0.9
197,best bed gaming setup,0.9
198,best gaming bedroom,0.9
199,best gaming beds,0.9
200,bunk bed gaming setup,0.9
201,childrens gaming bed,0.9
202,cool boy gaming bedroom,0.9
203,dfs gaming bed,0.9
204,diy gaming bedroom,0.9
205,double gaming pod bed,0.9
206,floating gaming bed,0.9
207,full size gaming bed,0.9
208,gamer cat bed,0.9
209,gamer for bedroom,0.9
210,gaming bed argos,0.9
211,gaming bed bauhutte,0.9
212,gaming bed clearpay,0.9
213,gaming bed cost,0.9
214,gaming bedding,0.9
215,gaming bed for adults,0.9
216,gaming bed for small room,0.9
217,gaming bed full size,0.9
218,gaming bed habitat,0.9
219,gaming bed happy beds,0.9
220,gaming bed high sleeper,0.9
221,gaming bed ireland,0.9
222,gaming bed littlewoods,0.9
223,gaming bed meme,0.9
224,gaming bed mid sleeper,0.9
225,gaming bed on finance,0.9
226,gaming bed pod,0.9
227,gaming bed price,0.9
228,gaming bed rocker,0.9
229,gaming bed room design,0.9
230,gaming bedroom design,0.9
231,gaming bedroom interior design,0.9
232,gaming bedroom set,0.9
233,gaming beds double,0.9
234,gaming bed set twin,0.9
235,gaming beds for sale,0.9
236,gaming beds for small rooms,0.9
237,gaming bedsheet,0.9
238,gaming bed small double,0.9
239,gaming bed smyths,0.9
240,gaming bed smyths toys,0.9
241,gaming bed the range,0.9
242,gaming bed tray,0.9
243,gaming bed wayfair,0.9
244,gaming bed with futon,0.9
245,gaming bed with stairs,0.9
246,gaming bed with tv mount,0.9
247,gaming bed x rocker,0.9
248,gaming bunk bed ikea,0.9
249,gaming bunk bed with desk underneath,0.9
250,gaming bunk bed with sofa,0.9
251,gaming cat bed,0.9
252,gaming cube bed,0.9
253,gaming double bed set,0.9
254,gaming game bedroom setup,0.9
255,gaming high rise bed,0.9
256,gaming kitty bed,0.9
257,gaming laptop bed stand,0.9
258,gaming laptop in bed reddit,0.9
259,gaming laptop on bed,0.9
260,gaming loft bed,0.9
261,gaming loft bed full,0.9
262,gaming pc in bedroom reddit,0.9
263,gaming pod bed australia,0.9
264,gaming pod bed usa,0.9
265,gaming queen size bed,0.9
266,gaming room ideas with bed,0.9
267,gaming room sofa bed,0.9
268,gaming room under bed,0.9
269,gaming setup under bed,0.9
270,gaming sleeper bed,0.9
271,gaming tv bed dreams,0.9
272,hideout gaming bed,0.9
273,high sleeper gaming bed,0.9
274,high sleeper gaming bed ikea,0.9
275,high sleeper gaming bed uk,0.9
276,how to make a gaming bed,0.9
277,hq high sleeper gaming bed with desk,0.9
278,ikea gaming bed with storage,0.9
279,ikea loft bed gaming setup,0.9
280,impact gaming bed,0.9
281,japan gaming bed,0.9
282,japan ultimate gaming bed,0.9
283,king size gaming bed,0.9
284,koda gaming bed,0.9
285,laptop gaming on bed,0.9
286,modern boy gaming bedroom,0.9
287,over bed gaming table,0.9
288,pod 2 gaming bed,0.9
289,pod gaming bed uk,0.9
290,queen size gaming bed,0.9
291,raised gaming bed,0.9
292,rocker gaming bed,0.9
293,short gaming bed,0.9
294,shorty gaming bed,0.9
295,single tv gaming bed,0.9
296,the drift gaming bed,0.9
297,the range gaming bed,0.9
298,transpod gaming bed,0.9
299,twin size gaming bed,0.9
300,ultimate gaming bed amazon,0.9
301,under bed gaming setup,0.9
302,used gaming bed for sale,0.9
303,wooden gaming bed,0.9
304,x rocker gaming bed,0.9
305,argos x rocker gaming bed,0.89
306,basecamp single tv gaming bed,0.89
307,bauhutte gaming bed amazon,0.89
308,bed gaming seat,0.89
309,bedroom gaming room setup,0.89
310,best gaming bedroom design,0.89
311,boy gaming bedroom,0.89
312,cool gaming bedrooms,0.89
313,cozy gaming setup,0.89
314,diy boy gaming bedroom,0.89
315,diy gaming bunk bed,0.89
316,diy gaming pod bed,0.89
317,diy loft bed gaming setup,0.89
318,drift gaming bed review,0.89
319,full size loft bed gaming setup,0.89
320,gamer in bed,0.89
321,gamer queen bed set,0.89
322,gaming bed chair,0.89
323,gaming bed covers,0.89
324,gaming bedding set,0.89
325,gaming bed frame,0.89
326,gaming bed hoogslaper,0.89
327,gaming bed japan,0.89
328,gaming bed king size,0.89
329,gaming bed linen,0.89
330,gaming bed rent a center,0.89
331,gaming bedroom decor,0.89
332,gaming bedroom ideas,0.89
333,gaming beds australia,0.89
334,gaming bed spread,0.89
335,gaming bunk bed smyths,0.89
336,gaming cabin bed,0.89
337,gaming from bed,0.89
338,gaming from bed reddit,0.89
339,gaming futon bed,0.89
340,gaming in bed,0.89
341,gaming in bed reddit,0.89
342,gaming loft bed australia,0.89
343,gaming loft bed plans,0.89
344,gaming loft bed with desk,0.89
345,gaming pod bed for sale,0.89
346,gaming pod double bed,0.89
347,gaming room loft bed,0.89
348,gaming tv stand for bedroom,0.89
349,good gaming bedrooms,0.89
350,loft bed gaming room,0.89
351,loft bed gaming setup,0.89
352,loft bed gaming set ups,0.89
353,pc gaming bedroom setup,0.89
354,pod gaming bed usa,0.89
355,queen gaming bed,0.89
356,scorpion gaming bed,0.89
357,the cube gaming bed,0.89
358,trasman gaming bed,0.89
359,trasman pod 1 gaming bed,0.89
360,ultimate gaming bed pod,0.89
361,video game cat bed,0.89
362,video game loft bed,0.89
363,xander gaming bed,0.89
364,x rocker basecamp tv gaming bed,0.89
365,x rocker double gaming bed,0.89
366,x rocker gaming bed australia,0.89
367,x rocker gaming bed blue,0.89
368,x rocker gaming bed double,0.89
369,x rocker gaming bed review,0.89
370,x rocker gaming bed smyths,0.89
371,x rocker gaming bed white,0.89
372,x rocker gaming bed with tv,0.89
373,x rocker gaming bed with tv stand,0.89
374,argos gaming bed instructions,0.88
375,basecamp double 4ft6 tv gaming bed,0.88
376,bauhutte gaming bed where to buy,0.88
377,bedroom tv gaming setup,0.88
378,bedste cpu til gaming,0.88
379,bedste gaming cpu,0.88
380,best gaming bed keyboard,0.88
381,best gaming bedroom ideas,0.88
382,best gaming bedroom setup,0.88
383,black gaming bed frame,0.88
384,boy gamer bedroom ideas,0.88
385,diy gaming bedroom ideas,0.88
386,full / double gaming loft bed,0.88
387,full gaming room setup,0.88
388,full size gaming loft bed,0.88
389,gamer bed linen,0.88
390,gamer dog bed,0.88
391,gamer twin bed set,0.88
392,games bed gif,0.88
393,gaming bagts,0.88
394,gaming bed ottoman,0.88
395,gaming bed pay monthly,0.88
396,gaming bed pillow,0.88
397,gaming bedroom wallpaper,0.88
398,gaming beds argos,0.88
399,gaming bed sheets,0.88
400,gaming bedside lamps,0.88
401,gaming bedspread,0.88
402,gaming bunk bed for adults,0.88
403,gaming bunk bed full size,0.88
404,gaming chair for the bed,0.88
405,gaming chair for your bed,0.88
406,gaming chair on bed,0.88
407,gaming high sleeper double bed,0.88
408,gaming in bedroom,0.88
409,gaming loft bed ideas,0.88
410,gaming ottoman bed,0.88
411,gaming pc bedeutung,0.88
412,gaming pc bedst i test,0.88
413,gaming pillow for bed reddit,0.88
414,gaming room ideas,0.88
415,gaming room ideas ikea,0.88
416,green gaming bed wars,0.88
417,habitat gaming bed instructions,0.88
418,high sleeper gaming bed white,0.88
419,ikea gaming bedroom ideas,0.88
420,mr beast gaming bed wars,0.88
421,rocker gaming bed argos,0.88
422,rocker gaming beds uk,0.88
423,small gaming bed room ideas,0.88
424,trasman pod 2 gaming bed australia,0.88
425,trasman pod 2 gaming bed usa,0.88
426,ultimate gaming bed price,0.88
427,video game for bed,0.88
428,vr retro gaming bedroom,0.88
429,walmart gaming bed set,0.88
430,what can you play bed wars on,0.88
431,x rocker gaming bed amazon,0.88
432,x rocker gaming bed argos,0.88
433,x rocker gaming bed full size,0.88
434,x rocker gaming bed reviews,0.88
435,x rocker gaming tv bed,0.88
436,x rocker high sleeper gaming bed,0.88
437,your zone gaming bedding set,0.88
438,3d gaming room setup,0.87
439,bed games online,0.87
440,beds,0.87
441,bedste lan kabel til gaming,0.87
442,boy gaming bedroom ideas,0.87
443,cerberus gaming bed frame,0.87
444,drift gaming bed frame,0.87
445,eb games bedding,0.87
446,end of bed gaming chair,0.87
447,games at bed,0.87
448,games bed wars,0.87
449,games of bed,0.87
450,games to bed,0.87
451,gaming after bed,0.87
452,gaming back support for bed,0.87
453,gaming bag,0.87
454,gaming bed cushion,0.87
455,gaming bedroom ideas for small rooms,0.87
456,gaming bed single ottoman,0.87
457,gaming before bed,0.87
458,gaming before bed reddit,0.87
459,gaming chair bed bath and beyond,0.87
460,gaming chair for bed,0.87
461,gaming loft bed queen size,0.87
462,gaming room ideas diy,0.87
463,gaming single bed covers,0.87
464,habitat gaming bed instructions pdf,0.87
465,in bed gaming chair,0.87
466,is gaming in bed bad,0.87
467,japanese gaming bed price,0.87
468,mrbeast gaming bed wars,0.87
469,on bed gaming chair,0.87
470,online games bed wars,0.87
471,only up game bed,0.87
472,op gaming setup,0.87
473,queen gaming loft bed,0.87
474,roplex gaming bed wars,0.87
475,single gaming bed frame,0.87
476,xander gaming bed instructions,0.87
477,xander gaming bed with premium matt,0.87
478,x rocker gaming bed for sale,0.87
479,x rocker gaming bed instructions,0.87
480,x rocker gaming bed twin,0.87
481,x rocker gaming chair bed,0.87
482,bauhutte gaming bed price,0.86
483,bedste gaming cpu 2022,0.86
484,boy gaming room ideas,0.86
485,de bedste gaming headset,0.86
486,gamer bed comforter,0.86
487,gamer.no bedriftsliga,0.86
488,gaming background,0.86
489,gaming backpack,0.86
490,gaming bag acer,0.86
491,gaming bag dell,0.86
492,gaming bag with screen,0.86
493,gaming high sleeper bed frame,0.86
494,gaming in bed pillow,0.86
495,gaming in bed posture,0.86
496,gaming night meaning,0.86
497,gaming ottoman tv bed frame,0.86
498,gaming room ideas youtube,0.86
499,habitat gaming bed argos,0.86
500,how to gaming in bed,0.86
501,hp bedeutung gaming,0.86
502,hp gaming setup,0.86
503,jn hh gaming bedwars,0.86
504,mb gaming meaning,0.86
505,nn gaming bedwars,0.86
506,norris nuts gaming bed wars,0.86
507,pod bed gaming high sleeper,0.86
508,squeezie gaming bed wars,0.86
509,squid games bed room,0.86
510,tobiasz gaming bed wars,0.86
511,video game bed comforters,0.86
512,video game twin bed sheet,0.86
513,vs bed,0.86
514,x rocker gaming bed assembly instructions,0.86
515,asus tuf gaming bedeutung,0.85
516,asus tuf gaming bedienungsanleitung,0.85
517,beda hp gaming dan biasa,0.85
518,bed games meaning,0.85
519,bedroom,0.85
520,bed design,0.85
521,bed ikea,0.85
522,bed is important,0.85
523,bed v2,0.85
524,best bedroom gaming tv,0.85
525,best buy gaming pc,0.85
526,best gaming pc,0.85
527,best gaming pillow for bed,0.85
528,crazy games bed wars,0.85
529,de bedste gamer headset,0.85
530,de bedste gaming bærbare,0.85
531,eb games bed sheets,0.85
532,games at bed bath and beyond,0.85
533,gaming badge,0.85
534,gaming bag chair,0.85
535,gaming banner,0.85
536,gaming banner 1024x576,0.85
537,gaming banner photo,0.85
538,gaming buddy,0.85
539,gaming buddy bgmi,0.85
540,gaming buddy finder,0.85
541,gaming buddy website,0.85
542,gaming pad 3,0.85
543,gaming pad 3d,0.85
544,gaming room ideas for adults,0.85
545,gaming video,0.85
546,gaming video background,0.85
547,lan meaning gaming,0.85
548,mb bedeutung gaming,0.85
549,mrbeast gaming bedwars,0.85
550,only up game bed locations,0.85
551,op bedeutung gaming,0.85
552,queen gaming bed frame,0.85
553,re bedeutung gaming,0.85
554,squeezie gaming minecraft bed wars,0.85
555,tuf gaming setup,0.85
556,video games bed bath beyond,0.85
557,vr gaming room setup,0.85
558,ads gaming bedeutung,0.84
559,bedienungsanleitung asus tuf gaming f17,0.84
560,bedroom set,0.84
561,bed australia,0.84
562,bed mumbai,0.84
563,bed set,0.84
564,bed usa,0.84
565,bed wars,0.84
566,best buy gaming monitor,0.84
567,cc bedeutung gaming,0.84
568,cpu gaming meaning,0.84
569,ct bedeutung gaming,0.84
570,dd meaning gaming,0.84
571,games of bed bugs,0.84
572,gaming badge png,0.84
573,gaming badge set,0.84
574,gaming badge vector,0.84
575,gaming bag for laptop,0.84
576,gaming banner 1024x576 px,0.84
577,gaming buddy meaning,0.84
578,gaming buddy meme,0.84
579,gaming video description,0.84
580,gg bedeutung gaming,0.84
581,hh meaning gaming,0.84
582,hp pavilion gaming 17 bedienungsanleitung deutsch,0.84
583,hs bedeutung gaming,0.84
584,is gaming bad,0.84
585,is gaming bad for laptop,0.84
586,is gaming before bed bad,0.84
587,kd platform bed reviews,0.84
588,lc-power gaming 709b bedienungsanleitung,0.84
589,lp bedeutung gaming,0.84
590,mind games bed head,0.84
591,msi gaming bedeutung,0.84
592,nn bedeutung gaming,0.84
593,oc bedeutung gaming,0.84
594,og gaming bedeutung,0.84
595,op slang gaming,0.84
596,tg bedeutung gaming,0.84
597,unspeakablegaming bedwars,0.84
598,was bedeutet ff gaming,0.84
599,was bedeutet tg gaming,0.84
600,was bedeutet tuf gaming,0.84
601,asus tuf gaming a17 bedienungsanleitung deutsch,0.83
602,asus tuf gaming f17 bedienungsanleitung deutsch,0.83
603,asus tuf gaming vg27aq1a bedienungsanleitung,0.83
604,asus tuf gaming vg27aq bedienungsanleitung,0.83
605,asus tuf gaming vg289q bedienungsanleitung,0.83
606,bedrock gaming pc,0.83
607,bedroom accessories,0.83
608,bedroom design,0.83
609,bedroom ideas,0.83
610,best bedwars gaming mice,0.83
611,best bedwars gaming mouse,0.83
612,best buy gaming chair,0.83
613,best buy gaming laptop,0.83
614,best gaming mice for bedwars,0.83
615,best gaming mouse for bedwars,0.83
616,cc gaming meaning,0.83
617,cw bedeutung gaming,0.83
618,dd bedeutung gaming,0.83
619,dw bedeutung gaming,0.83
620,ff bedeutung gaming,0.83
621,ff meaning gaming,0.83
622,games for bedtime,0.83
623,games like bed wars,0.83
624,gaming badger,0.83
625,gaming badges,0.83
626,gaming badge sa,0.83
627,gaming banner logo,0.83
628,gaming buddy app,0.83
629,gaming buddy call of duty,0.83
630,gaming buddy emulator,0.83
631,gaming buddy for hire,0.83
632,gaming video creator,0.83
633,gg gaming meaning,0.83
634,gg gaming term,0.83
635,gz bedeutung gaming,0.83
636,hs meaning gaming,0.83
637,ideapad gaming 3,0.83
638,is gaming bad for your brain,0.83
639,is gaming bad reddit,0.83
640,jn hh gaming bedwars script,0.83
641,kd bedeutung gaming,0.83
642,lan gaming definition,0.83
643,lc-power gaming 703b bedienungsanleitung,0.83
644,lenovo gaming pad 3,0.83
645,lenovo gaming pad 3i,0.83
646,lenovo ideapad gaming 3 bedienungsanleitung,0.83
647,od urban dictionary gaming,0.83
648,outdoor games bed bath and beyond,0.83
649,rp bedeutung gaming,0.83
650,sk gaming bedeutung,0.83
651,tb meaning gaming,0.83
652,what is lan gaming,0.83
653,asus tuf gaming f15 bedienungsanleitung deutsch,0.82
654,bedding,0.82
655,bedsheet,0.82
656,bed price,0.82
657,best gaming chair,0.82
658,best gaming headset pc,0.82
659,best gaming monitor,0.82
660,ea games bedava,0.82
661,ea games bedava oyunlar,0.82
662,eb games bedford,0.82
663,full size bed platform near me,0.82
664,games for bedridden adults,0.82
665,gaming badge reels,0.82
666,gaming badge sa online,0.82
667,gaming badges steam,0.82
668,gaming banner for youtube,0.82
669,gaming banner for youtube 2048x1152,0.82
670,gaming banner free fire,0.82
671,gaming video background music,0.82
672,gaming video download,0.82
673,gaming video short,0.82
674,is gaming bad for my child,0.82
675,is gaming bad for phone,0.82
676,is gaming bad for your eyes,0.82
677,is gaming bad for your phone,0.82
678,kd frames bed review,0.82
679,lenovo gaming pad 3 review,0.82
680,lenovo gaming pad 3 specs,0.82
681,lenovo ideapad gaming pad 3,0.82
682,lp gaming meaning,0.82
683,obs gaming setup,0.82
684,pg gaming meaning,0.82
685,pvs gaming age,0.82
686,rp meaning gaming,0.82
687,rt meaning gaming,0.82
688,tuf gaming bedeutung,0.82
689,tuf gaming vs tuf gaming oc,0.82
690,vr game bedrijfsuitje,0.82
691,what is pg in gaming,0.82
692,wp gaming bedeutung,0.82
693,aa meaning in gaming,0.81
694,are platform beds low,0.81
695,bedding set,0.81
696,bedrock pc,0.81
697,bedste,0.81
698,bedwars,0.81
699,bed frame,0.81
700,best gaming cpu,0.81
701,complex gaming ip bedrock,0.81
702,co-op games bedeutung,0.81
703,cpu usage when gaming,0.81
704,dc gaming bedeutung,0.81
705,ea bedeutung games,0.81
706,game yang bedah badan,0.81
707,gaming badge south australia,0.81
708,gaming banner background no text,0.81
709,gaming banner maker online free,0.81
710,great game bedeutung,0.81
711,is gaming bad for adhd,0.81
712,is gaming bad for your mental health,0.81
713,pvs gaming number,0.81
714,rug under bed rules,0.81
715,sk gaming meaning,0.81
716,tuf gaming meaning,0.81
717,up game bedeutung,0.81
718,vs queen bed,0.81
719,what does hs mean in gaming,0.81
720,what is ff in gaming,0.81
721,wp gaming meaning,0.81
722,are metal frame beds good,0.8
723,bed cet exam time,0.8
724,bedroom ideas for small rooms,0.8
725,bedroom wallpaper,0.8
726,bed sheet,0.8
727,gaming video editing app,0.8
728,gaming video editor,0.8
729,is ip passthrough good for gaming,0.8
730,is tp link good for gaming,0.8
731,is vr gaming bad for you,0.8
732,ivy bedroom ideas,0.8
733,lenovo gaming pad 3 ram upgrade,0.8
734,mc bedwars,0.8
735,nd gaming rules,0.8
736,obs gaming settings,0.8
737,rt game bedeutung,0.8
738,tuf gaming what is it about,0.8
739,what is required for vr gaming,0.8
740,bedding india,0.79
741,bediana,0.79
742,bedsheet price,0.79
743,bed price in india,0.79
744,does ikea have bed frames,0.79
745,gaming video kaise banaye,0.79
746,how to buy bed slats,0.79
747,how to live gaming on instagram,0.79
748,how to make your bed higher diy,0.79
749,is complex gaming on bedrock,0.79
750,lenovo gaming pad 3 drivers,0.79
751,nd gaming laws,0.79
752,no ball games bedeutung,0.79
753,tuf gaming customer service,0.79
754,bedard last,0.78
755,bedava,0.78
756,bedava hesap,0.78
757,bedrijven,0.78
758,cpu at 50 when gaming,0.78
759,ct bed exam date,0.78
760,ea sports bedeutung,0.78
761,full size guest bed options,0.78
762,how to raise your bed up higher,0.78
763,why do bed slats squeak,0.78
764,bedeutung,0.77
765,bedia,0.77
766,bedian,0.77
767,bedienungsanleitung,0.77
768,bedrock edition,0.77
769,how to make bed slats quiet,0.77
770,are bed rugs waterproof,0.76
771,bedrock,0.76
772,bedian road,0.75
773,bedienungsanleitung deutsch,0.75